Area,Bedrooms,Bathrooms,Floors,YearBuilt,Garage,Condition,Location,Price
1360,5,2,3,1978,No,Excellent,City Center,165193.6
4272,5,2,1,1972,No,Excellent,Downtown,457488.15
3592,2,2,2,1963,Yes,Good,City Center,354453.76
966,4,1,3,1998,No,Good,City Center,103193.09
4926,1,2,2,1982,Yes,Fair,Downtown,460079.45
3944,1,3,1,1974,No,Excellent,Suburb,371829.93
3671,1,3,2,1970,No,Good,Countryside,324632.21
3419,2,1,3,1966,Yes,Poor,Countryside,333280.23
630,2,3,1,1972,Yes,Good,Downtown,71277.71
2185,3,1,3,2006,Yes,Good,Suburb,251171.67
1269,1,2,1,2007,Yes,Poor,City Center,139492.23
2891,4,2,1,1963,Yes,Excellent,City Center,286118.11
2933,4,2,1,1969,Yes,Poor,City Center,322253.26
1684,1,3,2,1979,No,Excellent,City Center,115582.69
3885,1,1,3,1968,Yes,Poor,City Center,340432.31
4617,1,2,3,2002,No,Fair,Downtown,508373.01
3404,2,1,3,2005,Yes,Excellent,City Center,336987.39
974,2,2,1,1972,Yes,Good,City Center,94792.39
1582,2,3,2,2011,No,Fair,Suburb,198437.61
3058,5,3,1,1982,No,Excellent,City Center,297976.96
2547,4,1,3,1967,Yes,Excellent,Countryside,221261.9
3247,4,3,2,2022,No,Excellent,Downtown,411234.1
1475,3,3,2,1982,Yes,Poor,Downtown,141238.45
2306,2,1,2,1981,Yes,Excellent,Downtown,206249.42
689,5,2,3,2010,No,Good,Countryside,105443.13
3234,5,3,2,2003,Yes,Excellent,City Center,363193.17
3505,4,1,2,1966,No,Good,Downtown,356999.34
2399,2,3,1,1968,Yes,Good,Countryside,208085.95
1767,3,3,1,2019,Yes,Good,Suburb,188413.04
2028,2,3,2,1983,Yes,Fair,City Center,231698.1
3702,1,3,2,1974,Yes,Good,Countryside,339076.36
4056,2,1,1,2017,No,Poor,City Center,419101.56
4390,1,1,1,1960,Yes,Excellent,Suburb,425089.54
1146,1,1,1,1965,Yes,Poor,Countryside,81265.99
3388,3,3,3,2010,Yes,Fair,City Center,407687.87
2935,4,3,3,1956,Yes,Excellent,Countryside,311754.81
1100,2,3,1,1965,Yes,Good,Downtown,86061.6
2863,1,1,2,1965,No,Excellent,City Center,269885.48
2561,2,3,1,1989,Yes,Fair,Countryside,272743.16
741,4,2,3,1961,Yes,Fair,Downtown,57240.86
2541,4,3,2,1984,Yes,Poor,Suburb,288138.82
3324,5,2,3,1970,Yes,Excellent,City Center,327669.67
3112,4,3,2,1999,No,Excellent,City Center,365732.6
1863,3,1,3,1992,No,Excellent,Suburb,207683.81
1978,1,3,2,1966,No,Poor,Downtown,171835.85
3056,5,2,2,1981,Yes,Fair,Suburb,298930.83
1275,3,2,2,1990,Yes,Good,City Center,166216.29
4514,2,3,2,1955,Yes,Excellent,Countryside,444987.09
534,1,2,3,1976,Yes,Poor,Downtown,32460.41
3652,4,2,3,1969,No,Poor,Downtown,365978.97
2455,1,1,2,1974,Yes,Good,Downtown,212751.67
2085,2,3,2,2015,Yes,Fair,Suburb,239543.75
4443,5,3,3,1958,No,Excellent,Suburb,470327.53
3573,5,3,2,2002,Yes,Excellent,Countryside,406132.97
1521,5,2,2,2010,No,Poor,Countryside,195942.18
3961,4,3,2,1987,Yes,Fair,Downtown,428819.73
3113,3,3,1,1952,Yes,Excellent,Countryside,297154.55
4343,3,1,2,2019,No,Good,Suburb,463302.4
2000,1,1,1,2004,Yes,Fair,Countryside,203287.3
661,4,1,2,1950,Yes,Fair,Suburb,51847.25
4797,5,2,3,2019,No,Poor,Countryside,529254.47
2481,5,3,1,1994,Yes,Poor,City Center,292848.63
1495,2,1,1,1996,Yes,Excellent,Suburb,195373.92
3842,2,1,2,1975,Yes,Poor,City Center,375870.08
4298,5,1,2,1963,No,Fair,Suburb,416422.12
1775,5,3,1,2003,Yes,Excellent,Countryside,211602.78
1516,4,3,3,2020,Yes,Excellent,City Center,187610.1
837,3,3,3,1995,Yes,Fair,Countryside,140624.14
1378,2,2,2,1980,Yes,Excellent,Suburb,153881.75
1576,3,2,3,2008,No,Good,City Center,159292.23
4493,4,1,3,1978,Yes,Good,Downtown,471359.61
879,5,3,2,1966,Yes,Excellent,Countryside,127898.04
992,3,1,3,1963,Yes,Poor,Suburb,81213.52
2562,5,3,2,1985,Yes,Good,City Center,285658.26
4384,5,3,1,2007,No,Excellent,Countryside,542693.3
564,1,3,2,1973,No,Good,City Center,-7101.95
3068,3,2,1,2012,Yes,Poor,Countryside,402182.05
2527,3,2,1,1974,Yes,Fair,Countryside,257090.93
3195,5,3,3,2008,No,Excellent,Countryside,402400.44
1995,4,1,3,1981,Yes,Excellent,City Center,189164.8
891,1,3,3,1967,Yes,Excellent,City Center,51123.78
4974,5,3,2,1986,Yes,Excellent,Countryside,522955.1
4061,2,1,3,1975,Yes,Excellent,Downtown,397635.54
2778,2,3,1,1958,No,Excellent,Downtown,259859.72
3599,1,1,3,2013,Yes,Poor,Downtown,401477.52
700,4,2,3,2021,Yes,Fair,Suburb,90762.84
3604,5,2,2,1969,Yes,Poor,Downtown,384793.38
2954,3,1,2,2003,No,Poor,City Center,334704.21
4145,1,2,1,1979,No,Fair,Downtown,421938.92
1304,4,2,2,2002,Yes,Poor,City Center,159300.34
3231,3,1,3,2012,Yes,Good,Suburb,352732.75
3273,2,2,2,1960,Yes,Poor,City Center,306773.3
2070,2,3,1,1980,Yes,Excellent,City Center,213611.54
3190,3,3,3,1998,Yes,Good,City Center,379129.56
4340,1,1,1,1968,Yes,Good,Downtown,387148.19
1528,2,2,2,1961,No,Fair,Countryside,107423.07
1002,5,3,2,1964,No,Poor,City Center,80423.11
4993,3,3,1,1980,Yes,Poor,Downtown,529063.39
1370,3,2,3,1992,Yes,Good,Downtown,176925.9
4988,2,2,2,1986,Yes,Poor,Downtown,482574.74
706,1,3,2,1978,Yes,Poor,Countryside,59383.09
1984,5,3,3,1975,Yes,Fair,Countryside,246625.82
1363,1,1,2,1951,No,Good,Countryside,96869.55
3290,4,1,1,1964,Yes,Excellent,Countryside,344817.25
1063,4,3,2,1953,Yes,Good,Suburb,75527.41
4691,2,1,2,1999,Yes,Fair,Countryside,503837.61
2257,2,3,3,1987,Yes,Fair,Countryside,232404.11
2178,2,3,1,1972,No,Fair,Countryside,227401.05
3742,4,1,3,2008,Yes,Poor,City Center,428831.73
1559,1,1,2,1977,No,Good,City Center,111026.34
2222,1,2,2,2015,Yes,Poor,Countryside,251099.26
3814,2,2,3,1957,Yes,Poor,Suburb,377623.61
3657,5,2,3,1978,Yes,Good,City Center,385979.24
3125,1,3,3,1960,No,Fair,Downtown,283968.68
3229,4,1,1,1967,Yes,Excellent,City Center,299356.4
2097,3,3,2,2004,Yes,Excellent,Downtown,257647.96
3560,3,1,3,1999,No,Good,City Center,374005.22
3193,3,3,2,1963,Yes,Good,Countryside,336667.87
4127,5,2,1,1958,Yes,Fair,City Center,434861.31
1863,2,2,1,1960,Yes,Good,Countryside,155457.97
2481,4,2,1,2012,Yes,Good,Countryside,282232.67
2163,5,3,1,2016,Yes,Fair,City Center,263927.13
2029,4,1,2,2002,No,Fair,Downtown,220525.37
2538,4,1,1,1988,Yes,Poor,Downtown,293764.18
3802,2,2,1,2005,Yes,Good,City Center,372893.79
2737,3,2,3,1977,No,Excellent,Countryside,252774.03
1806,2,2,1,1988,Yes,Good,Downtown,202919.22
4529,5,2,3,1974,Yes,Excellent,Suburb,508366.97
3175,5,1,1,1970,Yes,Excellent,Countryside,313871.75
1782,5,3,1,1959,Yes,Excellent,City Center,168334.76
1209,2,3,3,1992,Yes,Poor,Countryside,161483.59
4913,4,3,1,1964,Yes,Fair,Suburb,503808.76
4248,4,3,2,1997,No,Fair,Suburb,445997.45
1163,1,2,2,1970,Yes,Poor,Downtown,112501.84
2498,5,2,1,2009,No,Fair,Suburb,310978.04
3945,4,2,2,1999,No,Poor,Countryside,444459.15
4243,1,3,3,1972,Yes,Good,Downtown,398525.28
1995,4,2,1,1962,Yes,Poor,Suburb,206673.57
3804,5,2,1,2018,Yes,Fair,Downtown,476150.56
4263,3,1,3,1953,No,Fair,Downtown,414246.87
2353,5,1,3,2021,Yes,Good,City Center,318393.2
1791,2,2,3,1958,Yes,Poor,Downtown,182259.4
4081,4,1,1,1984,Yes,Good,Downtown,439266.47
3957,4,1,3,1970,No,Excellent,Suburb,385657.8
2136,2,2,3,2007,Yes,Poor,Countryside,256220.52
4196,2,2,2,1967,No,Good,Countryside,381426.22
3499,3,2,2,2021,Yes,Good,Suburb,398410.52
3652,4,2,1,1992,No,Fair,Countryside,404353.88
1198,4,3,2,1955,Yes,Poor,Downtown,50861.5
2660,3,3,2,2016,Yes,Excellent,City Center,321618.68
4597,1,2,3,1961,No,Excellent,Downtown,434773.95
1354,3,1,3,1961,Yes,Poor,Downtown,94534.3
3974,5,2,2,2015,Yes,Poor,City Center,472225.8
2207,4,2,2,1951,Yes,Good,Suburb,213779.31
3277,2,1,2,1964,Yes,Fair,Downtown,308704.61
2233,5,3,1,1972,No,Fair,Downtown,265443.0
4010,4,2,1,1978,Yes,Fair,Suburb,439989.22
702,3,2,1,1956,No,Poor,Downtown,55997.3
3755,5,3,2,1977,Yes,Fair,Downtown,389700.97
4718,4,3,2,1963,No,Good,Countryside,477878.93
4996,1,1,1,1993,No,Poor,Suburb,520505.54
1266,1,3,1,1979,Yes,Poor,Downtown,111909.35
4889,2,3,2,1981,Yes,Fair,Downtown,531897.6
2827,4,3,3,2019,Yes,Excellent,City Center,360128.51
3431,1,1,1,1955,Yes,Excellent,City Center,339054.62
697,3,3,2,1976,Yes,Good,City Center,53336.77
2430,4,3,2,1973,Yes,Fair,Downtown,256821.77
4082,3,1,3,1983,Yes,Fair,Downtown,418613.3
1108,3,3,2,1989,Yes,Poor,City Center,142076.44
3772,1,3,2,1996,No,Poor,Countryside,369161.82
1647,4,1,1,1973,Yes,Fair,Countryside,137234.64
4782,5,2,1,2014,No,Poor,Countryside,548371.83
3897,1,1,3,1967,No,Fair,Countryside,350460.01
3011,1,3,3,1993,No,Good,Suburb,293254.3
2294,4,3,2,2006,No,Poor,City Center,258071.73
1159,4,3,1,1977,Yes,Fair,Downtown,135675.88
3311,3,1,3,2020,Yes,Poor,City Center,355984.78
1869,4,3,3,1972,No,Good,Countryside,190334.6
2486,3,3,3,1983,Yes,Poor,Downtown,249100.01
646,1,1,2,1960,No,Fair,Suburb,4254.74
3719,2,2,1,1984,Yes,Poor,City Center,385559.16
3411,5,2,3,1991,No,Poor,Downtown,389834.69
2234,1,3,1,1977,Yes,Fair,Downtown,207635.07
2343,4,1,3,1973,Yes,Excellent,Countryside,260323.95
988,5,3,3,1957,Yes,Poor,Countryside,86157.23
3476,2,1,1,2002,Yes,Poor,City Center,336093.49
2459,2,1,1,2021,Yes,Good,Suburb,254170.94
2885,3,2,1,1953,No,Excellent,Downtown,243201.55
3419,5,2,2,1954,Yes,Good,Countryside,321371.39
2302,3,1,3,1998,No,Fair,City Center,285173.75
4561,1,3,2,1979,Yes,Fair,Countryside,424074.57
3869,5,2,1,2021,Yes,Good,City Center,479658.38
762,1,3,3,2012,No,Poor,Countryside,89865.8
1123,3,2,2,1996,Yes,Excellent,Suburb,137987.67
1516,5,2,3,1975,No,Good,Downtown,147799.4
4143,3,3,2,2006,Yes,Good,Countryside,465598.56
2549,5,2,1,1986,No,Fair,Downtown,264875.18
4223,3,2,2,1956,Yes,Poor,City Center,430772.48
3608,2,3,3,1989,No,Excellent,Suburb,390177.36
4590,3,2,3,1988,Yes,Good,Downtown,479364.27
2556,2,2,3,2011,Yes,Excellent,Countryside,284486.19
3670,3,2,3,2002,No,Excellent,Downtown,403097.99
2182,5,3,1,1953,Yes,Good,Downtown,232041.39
2755,5,1,2,1974,Yes,Excellent,City Center,314822.68
1654,5,3,1,1956,Yes,Fair,Suburb,193023.61
4999,4,1,1,1977,No,Poor,Suburb,510548.56
3691,1,2,1,2018,No,Poor,Downtown,383058.79
2196,5,1,3,2016,No,Poor,Downtown,288081.43
4491,2,3,3,1969,Yes,Fair,City Center,444754.08
2148,5,3,3,1960,Yes,Fair,Downtown,230187.32
1945,4,2,2,2016,Yes,Fair,City Center,258641.1
4699,2,1,3,1956,Yes,Poor,Suburb,465782.82
4423,4,2,2,1972,Yes,Excellent,Suburb,464103.25
753,2,2,3,2010,No,Fair,City Center,80698.81
3683,3,3,3,2020,No,Good,Downtown,454720.72
3057,1,1,1,1983,No,Fair,Suburb,318005.97
598,1,1,1,1968,No,Good,Countryside,-858.37
2700,4,1,1,2007,No,Poor,City Center,286447.81
3461,1,1,2,1958,No,Good,Suburb,288228.51
4933,4,2,2,1997,Yes,Fair,Suburb,553308.58
4277,4,2,3,1990,Yes,Fair,Suburb,498573.69
3369,4,3,2,1997,Yes,Excellent,Countryside,370361.51
3734,1,2,3,1994,Yes,Poor,Countryside,383411.0
4291,4,2,2,1974,Yes,Good,Countryside,432258.54
1456,1,3,2,1974,No,Poor,Downtown,157747.11
4567,4,3,2,1968,Yes,Fair,City Center,491192.63
660,5,3,1,1988,Yes,Excellent,Downtown,86385.41
4993,4,2,2,1976,Yes,Fair,Countryside,479461.48
1800,2,2,1,2012,Yes,Fair,City Center,229873.9
4487,4,3,1,2017,Yes,Fair,Downtown,504018.71
2027,3,3,2,1968,Yes,Good,Downtown,220322.77
1718,4,3,3,1977,Yes,Fair,Downtown,196562.62
4996,2,2,3,1982,Yes,Poor,Countryside,471130.92
3604,2,2,3,1959,Yes,Poor,Suburb,325520.17
3235,1,1,2,1979,Yes,Excellent,City Center,301622.77
1454,5,2,3,1971,Yes,Poor,Countryside,149021.77
3946,4,2,1,1952,Yes,Fair,City Center,392152.28
1545,1,2,3,1997,Yes,Fair,Countryside,165924.15
2193,5,3,2,1951,Yes,Poor,Downtown,259327.7
3936,4,2,3,2003,Yes,Excellent,Downtown,449244.73
1062,3,3,1,1955,Yes,Excellent,Suburb,121044.1
2985,4,1,2,1989,Yes,Poor,Suburb,313457.91
3854,2,1,3,1951,Yes,Good,City Center,377671.38
725,2,3,2,2022,No,Good,Suburb,98939.13
1459,3,3,2,1951,Yes,Good,Suburb,109711.46
3567,1,3,2,2004,No,Good,City Center,351664.88
1315,5,2,3,2021,No,Poor,Countryside,138402.92
3620,4,1,2,2009,Yes,Excellent,Suburb,425382.89
516,2,3,3,1955,No,Fair,Countryside,-7735.55
1743,1,2,1,1968,Yes,Fair,Downtown,177422.86
2705,3,1,3,1976,Yes,Poor,Suburb,267713.06
3024,2,2,1,1950,No,Fair,Downtown,234907.93
1569,3,1,3,1982,Yes,Good,Downtown,138010.21
3944,4,2,2,1989,Yes,Excellent,Countryside,430435.92
3065,5,1,3,1981,Yes,Poor,City Center,295622.75
1560,2,1,2,2018,No,Excellent,Suburb,190238.11
2827,2,2,1,1966,Yes,Poor,Countryside,238417.99
3920,4,3,3,1957,Yes,Poor,City Center,382375.4
801,1,1,2,2006,Yes,Poor,Downtown,89353.77
4776,5,3,1,1991,No,Poor,Suburb,531543.01
1106,2,2,1,1958,Yes,Excellent,Downtown,99701.68
3670,5,3,3,1984,Yes,Fair,Downtown,382312.6
1199,2,3,1,2020,Yes,Poor,Suburb,154142.87
1639,5,3,2,2002,Yes,Good,City Center,239424.0
690,3,3,1,2003,Yes,Poor,City Center,94799.26
2800,2,3,1,1974,Yes,Excellent,Suburb,284853.29
1480,5,1,2,2016,No,Poor,Suburb,201460.34
3475,1,1,1,2011,No,Good,Countryside,384413.36
1684,3,1,1,2004,No,Excellent,Countryside,177873.88
3827,3,2,1,1995,No,Poor,Downtown,375791.3
3894,1,3,1,1973,No,Good,Suburb,354123.5
627,5,1,2,1995,No,Excellent,City Center,93261.1
2565,4,2,1,1971,Yes,Poor,Downtown,235408.26
2316,1,1,2,1960,No,Good,Downtown,177302.23
1069,5,1,1,1997,Yes,Excellent,Downtown,145450.32
2395,1,3,1,1957,Yes,Poor,Downtown,194983.48
3233,1,2,1,1988,Yes,Excellent,City Center,329037.03
4363,2,3,1,1984,No,Good,Downtown,457203.78
4514,5,3,2,1998,No,Poor,Suburb,511343.41
3401,4,1,2,1995,Yes,Poor,Countryside,340827.94
2186,2,3,2,1987,Yes,Poor,City Center,230404.22
3509,1,2,3,1957,Yes,Good,Suburb,323034.21
654,1,3,1,2003,Yes,Fair,Suburb,69642.45
3037,1,3,1,1986,No,Poor,Suburb,304608.44
1909,5,3,2,1989,Yes,Good,Countryside,237880.83
4557,5,1,3,1983,No,Excellent,Countryside,479850.1
1284,2,2,1,1966,Yes,Excellent,Countryside,89968.37
3675,4,1,2,1982,No,Good,Suburb,379425.33
4841,2,1,1,1996,Yes,Fair,Countryside,538214.38
3306,3,1,1,2001,No,Good,Downtown,343161.56
1037,1,1,2,1958,Yes,Excellent,Countryside,82597.04
2341,1,1,2,1982,No,Excellent,City Center,213538.79
2955,1,2,1,2009,Yes,Poor,Suburb,298894.3
1024,2,3,1,1970,Yes,Fair,Suburb,86382.01
3450,2,1,2,2007,No,Good,Downtown,361480.07
4631,1,1,1,2018,Yes,Excellent,Countryside,504382.41
4615,2,2,1,1959,Yes,Excellent,Countryside,493233.56
2868,5,2,2,1955,Yes,Excellent,City Center,293054.6
4347,5,3,1,1962,No,Good,Downtown,424452.83
4995,2,2,1,2014,Yes,Good,City Center,506622.45
3201,1,3,3,1969,Yes,Fair,City Center,296773.22
1471,2,1,2,2006,Yes,Poor,Suburb,141724.19
1666,2,1,3,1995,Yes,Poor,Suburb,184498.97
3274,2,3,3,1957,Yes,Poor,Countryside,322021.76
2482,3,2,3,1959,No,Excellent,Countryside,226343.38
1353,5,3,1,2022,Yes,Poor,City Center,221297.89
4646,4,2,1,2016,No,Excellent,Countryside,520116.05
4236,4,1,3,1960,Yes,Fair,City Center,460005.63
4269,3,2,3,1961,Yes,Excellent,Countryside,434570.56
1074,2,3,3,1959,Yes,Fair,Countryside,104368.56
3761,3,3,1,1974,Yes,Fair,Suburb,358839.92
1648,3,1,3,1998,No,Poor,Suburb,154064.91
2215,1,2,3,1998,No,Poor,Suburb,230379.87
4354,5,2,2,1960,Yes,Excellent,Suburb,418805.47
2991,4,2,2,2011,No,Good,Downtown,331121.81
3160,2,1,1,1985,Yes,Poor,Suburb,340580.49
3624,4,2,2,1988,No,Poor,Downtown,372795.5
3551,4,3,2,2002,Yes,Good,Suburb,380010.23
504,5,2,2,2005,Yes,Good,Countryside,112185.07
1376,4,1,1,1950,Yes,Poor,City Center,159986.25
1491,4,2,2,2005,Yes,Good,Countryside,174169.95
4642,3,2,1,1953,No,Excellent,Countryside,469890.0
4864,5,3,3,1979,Yes,Fair,Downtown,507577.72
4965,1,2,2,1961,No,Fair,Suburb,464379.27
1135,2,3,1,1984,No,Poor,City Center,109347.15
2193,4,3,2,2001,Yes,Poor,City Center,247900.86
2182,2,1,3,1980,Yes,Excellent,Suburb,228917.1
619,1,3,1,2017,Yes,Good,Downtown,56867.04
1330,2,3,1,2001,Yes,Poor,Downtown,158685.66
4175,1,1,1,1956,Yes,Fair,Downtown,403863.86
1869,3,3,3,1971,Yes,Excellent,City Center,206061.78
1240,4,1,3,2005,Yes,Excellent,Downtown,169352.9
616,1,2,3,2007,Yes,Good,Downtown,104058.91
3338,2,1,1,2013,No,Poor,City Center,351906.41
1650,4,3,3,1961,Yes,Poor,City Center,137200.79
2431,3,1,2,1956,Yes,Excellent,Countryside,225721.9
1512,4,3,3,2004,Yes,Fair,City Center,193987.37
2164,1,2,1,2011,Yes,Poor,Suburb,193241.56
1581,3,1,2,2022,Yes,Fair,City Center,179096.94
1012,2,2,3,2004,No,Excellent,City Center,88027.27
3349,3,3,2,1985,No,Poor,Downtown,333139.41
1059,3,3,2,1973,Yes,Fair,Countryside,101890.05
4172,5,2,1,1993,Yes,Excellent,Downtown,457814.55
3843,3,1,2,1966,Yes,Fair,Countryside,362659.72
4570,3,1,2,1951,No,Poor,Downtown,405925.83
1970,4,3,1,1962,No,Good,Suburb,202154.95
1080,2,2,1,1980,No,Fair,Downtown,98404.73
2794,4,2,1,1977,Yes,Good,Downtown,299284.16
3647,4,1,2,2009,Yes,Poor,Suburb,446658.29
4749,1,1,2,1976,Yes,Good,Suburb,464671.45
2179,4,1,2,1964,Yes,Excellent,City Center,207767.5
4006,5,2,1,1982,Yes,Good,Downtown,433883.53
3244,5,1,3,1969,Yes,Fair,Suburb,341607.66
3856,1,1,2,1991,No,Fair,Suburb,389888.67
4545,2,3,3,1961,No,Good,City Center,437539.05
1743,2,1,1,2022,No,Excellent,Countryside,162401.54
3618,4,1,2,1972,Yes,Poor,Suburb,362360.58
2641,4,2,3,2021,No,Good,Suburb,317645.21
3559,4,2,2,1963,Yes,Fair,Downtown,387111.68
3459,2,3,2,1974,Yes,Fair,City Center,331025.17
2765,3,1,2,1980,Yes,Good,Downtown,248662.99
2979,5,3,3,2003,Yes,Good,Countryside,357664.72
2135,3,2,1,1954,Yes,Good,City Center,212900.19
2257,3,3,2,1962,Yes,Poor,Downtown,213254.16
4952,2,2,1,1977,Yes,Fair,Suburb,545952.62
2570,3,3,1,1992,Yes,Fair,Suburb,326263.27
3349,1,3,3,1996,No,Fair,City Center,338980.61
3751,4,1,3,2020,No,Poor,Suburb,429508.28
4230,1,3,1,1987,Yes,Excellent,Downtown,456411.71
2989,5,1,2,2016,Yes,Fair,City Center,358608.94
2131,4,1,3,2011,Yes,Fair,Suburb,241082.3
3316,3,1,2,1988,Yes,Excellent,Suburb,363814.8
1515,5,1,2,1986,Yes,Poor,Countryside,188099.41
1848,4,3,2,1957,No,Excellent,Countryside,160911.86
3587,3,2,1,2001,Yes,Excellent,City Center,397490.61
3339,1,2,2,1982,No,Excellent,Countryside,317200.4
835,4,2,1,1991,Yes,Excellent,Downtown,101174.2
1395,3,3,1,1976,Yes,Poor,Suburb,130752.88
4046,1,1,2,1957,Yes,Poor,Suburb,372541.54
1351,5,2,2,1972,No,Excellent,Suburb,140627.32
2187,5,3,2,2013,Yes,Good,City Center,290617.56
2431,5,1,2,1969,Yes,Good,City Center,272414.51
4246,5,2,1,1965,No,Good,Countryside,441313.93
2927,2,1,2,1966,Yes,Good,Suburb,279002.89
2068,4,2,2,1968,No,Fair,Suburb,194861.25
4500,4,2,1,1957,No,Poor,Suburb,468292.52
3238,2,2,3,1987,Yes,Poor,Suburb,315043.61
3998,3,1,3,1987,Yes,Excellent,Suburb,382937.05
4413,3,3,1,2002,No,Fair,Downtown,454438.16
1566,5,1,3,1980,No,Excellent,Suburb,191741.56
4880,1,2,1,1993,Yes,Excellent,Downtown,506064.7
2944,3,1,2,2009,Yes,Poor,Suburb,355016.43
4607,1,3,2,1966,No,Fair,City Center,413348.85
3873,4,1,3,2022,No,Good,City Center,486725.55
4469,1,3,2,1988,Yes,Poor,Downtown,448943.5
3046,4,3,3,1991,Yes,Fair,Suburb,306060.96
1253,2,1,3,1997,Yes,Fair,City Center,176781.26
2582,2,2,2,1961,Yes,Poor,City Center,212345.41
3274,5,3,2,1967,Yes,Poor,Suburb,342758.73
3396,3,1,3,1955,Yes,Excellent,Suburb,317148.76
4685,5,3,2,1992,No,Excellent,City Center,522713.51
1275,4,2,1,1984,No,Excellent,Suburb,124302.13
2125,5,1,2,2003,No,Good,Countryside,272333.26
3569,1,1,2,2011,Yes,Poor,Suburb,390128.83
917,4,1,1,2018,Yes,Fair,City Center,139690.79
614,2,2,2,1965,Yes,Poor,City Center,66633.81
1116,3,3,2,1957,No,Fair,Downtown,90418.61
4474,4,1,3,1980,No,Good,Countryside,454618.5
3767,4,3,2,1959,Yes,Poor,City Center,423381.6
1325,1,3,2,2005,Yes,Fair,Countryside,154185.2
2016,3,2,1,2019,Yes,Fair,Suburb,228623.79
3646,2,1,3,1969,Yes,Excellent,City Center,333969.84
912,4,3,3,1954,Yes,Good,Downtown,85174.39
1228,4,1,3,1972,No,Poor,City Center,70334.49
3848,1,1,2,1958,Yes,Excellent,Downtown,338090.25
3308,5,2,3,2007,Yes,Good,Countryside,387205.51
1175,2,1,1,2008,No,Excellent,Downtown,125499.68
3965,3,1,3,2003,Yes,Poor,Suburb,402634.12
3004,4,3,1,1995,Yes,Fair,Suburb,331978.0
3467,4,2,3,1971,No,Poor,Suburb,376161.93
3286,2,1,3,2013,Yes,Good,City Center,377413.77
1622,5,3,1,1957,Yes,Poor,Suburb,172727.96
4579,4,2,3,1969,Yes,Good,Suburb,470552.01
2071,2,2,3,2000,Yes,Excellent,City Center,221760.8
2643,1,3,3,1988,Yes,Good,Countryside,271547.24
2187,5,3,2,1986,Yes,Fair,Suburb,259974.8
4632,3,3,1,1999,Yes,Fair,Suburb,508863.85
4351,4,3,3,1983,No,Fair,City Center,470517.28
3940,2,3,1,1982,No,Excellent,Countryside,372989.69
4266,1,1,1,1980,Yes,Good,Countryside,409534.15
2826,3,1,1,2003,Yes,Excellent,Countryside,314600.04
3414,2,2,3,1993,No,Poor,City Center,329798.33
4452,2,1,3,1983,No,Poor,Downtown,427392.38
1095,3,1,1,2020,Yes,Poor,Downtown,145258.05
1228,1,1,2,2011,No,Poor,Suburb,123917.76
1865,1,3,1,1972,Yes,Fair,Suburb,175139.18
4992,5,2,2,1995,No,Good,Suburb,526444.84
1198,4,2,1,2005,Yes,Fair,Downtown,179569.49
895,3,2,1,1956,Yes,Good,City Center,66505.33
4671,3,2,1,2010,Yes,Good,Suburb,515295.96
4860,3,1,3,1952,Yes,Excellent,City Center,461433.18
3002,1,1,2,1987,Yes,Poor,Suburb,297455.64
2319,4,3,2,1983,Yes,Good,City Center,291923.47
1217,5,2,1,1993,No,Poor,City Center,145580.77
3282,2,1,3,1979,Yes,Poor,Downtown,312649.48
4077,2,1,3,1966,No,Poor,City Center,368698.58
643,3,3,2,2008,Yes,Fair,Countryside,99937.31
3640,4,3,3,1959,Yes,Poor,Downtown,368934.07
4991,1,3,2,1967,Yes,Good,Suburb,488331.47
3438,4,1,2,1994,No,Fair,Downtown,376948.44
4136,4,1,2,2008,Yes,Poor,Countryside,467212.95
3722,1,3,3,2011,Yes,Excellent,Countryside,400341.06
1667,3,2,2,2008,No,Poor,City Center,233519.72
3116,4,3,2,1998,Yes,Poor,Countryside,369280.63
1562,2,3,1,2012,Yes,Fair,Countryside,167859.7
2656,1,3,2,1981,No,Good,Countryside,223253.99
3482,5,3,2,1959,Yes,Poor,Countryside,350195.55
3794,3,1,1,1960,Yes,Fair,Suburb,370249.54
1656,1,2,1,2019,Yes,Fair,Suburb,175722.39
1232,5,3,3,2011,Yes,Good,Downtown,172153.29
4830,5,2,2,1996,No,Fair,City Center,528265.8
1453,4,2,3,1983,Yes,Good,Suburb,157595.27
3039,4,2,3,1966,Yes,Excellent,Countryside,269593.9
3824,4,3,1,2003,Yes,Poor,City Center,454825.28
3801,1,1,3,1989,Yes,Fair,Suburb,393815.43
2042,1,3,2,1968,No,Excellent,Downtown,152308.39
1691,3,2,1,2016,Yes,Fair,Countryside,213049.81
3493,4,2,2,2002,Yes,Fair,City Center,370908.81
3181,5,1,2,2013,Yes,Excellent,Suburb,364976.06
1717,2,3,1,1996,No,Fair,City Center,192309.03
2040,3,2,2,1955,Yes,Fair,Suburb,203006.06
3736,1,1,1,1965,Yes,Excellent,Downtown,361964.19
2886,3,2,2,2021,Yes,Fair,Countryside,344709.31
4219,3,1,1,1967,Yes,Good,Downtown,443409.89
1888,3,1,3,2001,Yes,Fair,Countryside,199961.34
2356,3,3,2,1997,Yes,Poor,Countryside,258531.76
1865,2,2,1,1992,No,Fair,City Center,136914.57
999,4,3,2,1988,Yes,Poor,Suburb,125881.67
2180,5,2,2,1998,Yes,Poor,Downtown,275797.37
1010,3,3,2,1961,Yes,Fair,Downtown,97579.29
4812,3,2,1,1959,Yes,Excellent,Downtown,463412.84
1824,3,3,3,2020,Yes,Good,City Center,251480.97
1655,4,1,3,2004,No,Good,City Center,192732.93
2327,1,2,3,1950,Yes,Fair,City Center,206650.35
3641,1,2,1,1998,Yes,Excellent,Countryside,384183.99
3986,2,1,3,1985,No,Excellent,Downtown,423432.92
2310,1,3,1,1970,Yes,Good,Countryside,221360.71
3423,3,2,2,1986,Yes,Excellent,Downtown,372239.5
2714,3,2,2,1973,No,Fair,Downtown,265588.74
4686,3,3,3,2004,No,Fair,Suburb,495876.89
1213,2,1,1,1974,Yes,Excellent,Downtown,115566.41
4102,3,3,2,1956,Yes,Fair,City Center,434927.45
4634,1,3,1,2020,No,Poor,City Center,484269.1
4022,4,3,1,2020,No,Good,City Center,458682.46
4768,4,2,2,1973,Yes,Fair,Suburb,495901.04
1743,5,1,1,1960,Yes,Excellent,Suburb,189957.88
4209,1,1,2,2022,No,Good,Countryside,451786.48
1581,3,3,2,1961,Yes,Fair,Downtown,168860.23
955,4,2,2,1984,Yes,Good,Downtown,153695.78
1394,1,3,1,2012,No,Excellent,City Center,142588.8
1884,4,2,2,2017,No,Poor,City Center,247955.77
2458,3,2,1,2006,Yes,Poor,City Center,287207.39
3572,4,2,2,1962,Yes,Fair,City Center,361745.45
2496,5,2,2,1972,No,Poor,City Center,275824.43
4785,5,1,3,1988,Yes,Fair,City Center,511780.35
1004,4,2,3,1961,Yes,Good,Downtown,102717.94
1714,1,2,3,1983,No,Fair,Suburb,128171.59
2031,1,3,1,2020,Yes,Fair,City Center,225103.2
3940,1,3,1,1980,No,Fair,Downtown,406162.26
1323,4,1,2,2011,Yes,Poor,City Center,194246.45
1428,1,3,2,1962,No,Fair,Countryside,114052.25
633,3,2,2,1980,Yes,Excellent,Countryside,58040.3
2605,5,3,2,1951,No,Fair,Downtown,275418.22
4127,3,1,1,1964,No,Good,Suburb,423173.72
2352,1,3,2,2006,No,Excellent,Countryside,239645.62
4675,3,3,2,1983,Yes,Good,Countryside,461703.0
3433,1,1,3,2017,Yes,Good,Suburb,376051.8
3784,4,1,2,1978,Yes,Good,Countryside,412443.29
4798,3,2,2,2015,Yes,Excellent,City Center,542203.07
3311,4,3,2,1965,No,Excellent,Suburb,366823.51
1750,4,2,1,1988,Yes,Poor,Countryside,231365.89
4012,2,3,3,1986,No,Excellent,Suburb,402508.78
1756,1,3,2,1970,Yes,Fair,City Center,161576.84
3876,5,2,2,1993,Yes,Good,Countryside,423699.02
3986,1,3,3,1968,Yes,Poor,Downtown,364501.47
4084,5,3,2,2020,Yes,Excellent,Countryside,467752.83
1896,1,3,1,1957,No,Good,Countryside,166335.77
4137,4,1,2,2015,No,Excellent,City Center,466530.18
3830,3,2,1,1990,Yes,Poor,Downtown,423698.04
3203,3,1,1,2019,Yes,Excellent,Downtown,416047.03
970,2,2,2,2010,Yes,Excellent,Downtown,131757.63
1853,5,2,3,1975,Yes,Good,City Center,191814.57
3283,5,3,1,2020,Yes,Fair,City Center,425344.79
3331,5,2,3,2019,Yes,Excellent,City Center,387448.6
857,4,1,2,1978,Yes,Poor,City Center,128105.46
3519,5,1,1,2015,No,Excellent,City Center,367484.84
1167,3,1,2,1968,Yes,Excellent,Downtown,94089.89
4968,4,2,3,2017,Yes,Fair,Suburb,572379.93
1645,1,1,2,2007,Yes,Good,City Center,196731.51
4685,5,2,2,2019,No,Poor,Suburb,522292.18
4219,5,1,1,2006,Yes,Good,Countryside,459740.62
3245,1,1,2,1986,Yes,Good,Countryside,319701.46
1039,5,2,2,2010,Yes,Good,City Center,197036.5
3279,1,1,2,1979,Yes,Excellent,Countryside,282463.32
4636,4,3,1,2020,Yes,Fair,Suburb,527510.01
4275,3,2,3,2022,Yes,Excellent,Countryside,488868.83
3008,1,2,3,1974,Yes,Poor,Countryside,269440.71
3279,2,2,2,2014,Yes,Fair,Suburb,347243.14
1424,1,3,1,1955,Yes,Good,Countryside,103784.37
3456,5,2,2,1967,No,Fair,City Center,363288.74
2081,4,1,3,1959,Yes,Poor,Suburb,196120.55
3824,4,1,1,1960,Yes,Excellent,Suburb,409593.06
4985,1,1,3,2014,No,Excellent,Downtown,528537.61
755,3,2,3,2014,Yes,Good,Downtown,121311.74
2338,2,1,1,2001,No,Excellent,Suburb,262006.19
2444,4,2,1,2016,No,Excellent,Suburb,300370.81
509,5,1,2,1980,No,Poor,Downtown,53484.7
3371,5,3,2,1966,Yes,Fair,City Center,354429.62
1297,3,3,3,2004,Yes,Excellent,Countryside,141802.08
1515,4,3,1,1985,Yes,Poor,Countryside,217908.72
2324,1,3,1,1975,Yes,Poor,Countryside,239627.76
4969,5,2,2,2002,Yes,Good,Suburb,503848.37
3636,3,1,3,1966,Yes,Poor,City Center,383609.33
2693,4,3,3,1974,Yes,Good,Downtown,258644.67
723,4,2,2,1951,Yes,Excellent,City Center,67770.78
4658,4,3,1,1954,Yes,Good,City Center,425974.5
4425,4,3,2,1953,No,Poor,Countryside,429529.39
4500,4,2,2,1985,Yes,Fair,Downtown,506624.07
2133,5,2,2,1955,No,Fair,City Center,237302.44
2652,3,1,2,1970,Yes,Excellent,Downtown,265882.16
1010,4,1,1,1975,Yes,Excellent,Suburb,121623.4
884,2,3,2,2004,Yes,Fair,Countryside,83644.15
904,2,3,1,1988,Yes,Good,Downtown,108739.13
2500,3,1,2,1982,Yes,Excellent,Suburb,273133.53
3256,1,1,3,1963,No,Poor,Suburb,339260.34
2168,1,2,1,2005,Yes,Excellent,Suburb,217504.97
1960,1,1,3,1970,No,Good,City Center,161903.52
4136,2,1,2,1995,No,Excellent,City Center,421931.89
3224,1,3,2,1965,Yes,Poor,Countryside,317546.03
4678,5,1,2,1965,Yes,Poor,Countryside,500722.14
2548,4,3,1,1978,No,Poor,Suburb,291269.01
4646,2,1,3,1957,No,Good,Countryside,454580.11
1216,3,2,1,1952,Yes,Good,City Center,69437.94
2323,3,1,1,1968,Yes,Poor,Countryside,171646.5
2581,4,1,2,2015,No,Poor,Downtown,290157.08
3919,2,1,3,1971,Yes,Good,City Center,380343.74
2074,1,3,2,1995,Yes,Good,Suburb,203036.51
749,1,2,1,1962,No,Good,Suburb,24837.43
1173,5,1,2,1982,No,Fair,Countryside,125912.95
2665,5,3,3,1954,Yes,Good,City Center,286632.46
1270,1,2,2,1976,No,Poor,Suburb,80940.13
4462,3,3,3,1973,Yes,Fair,Suburb,457340.71
4863,3,3,3,2016,No,Good,City Center,534734.9
2484,5,2,2,2012,No,Poor,City Center,313562.57
1577,4,1,1,1997,No,Excellent,Suburb,202425.68
735,1,3,2,2012,Yes,Fair,Countryside,128273.7
888,5,3,1,1961,Yes,Poor,Countryside,84407.12
3537,5,1,1,1977,Yes,Excellent,Countryside,337765.55
2348,1,1,2,1993,Yes,Poor,Downtown,226643.01
3314,1,2,1,1992,No,Good,City Center,296058.13
3874,3,2,1,1966,Yes,Good,Suburb,441115.57
3778,4,2,2,1989,No,Excellent,Downtown,385093.24
1752,4,1,2,1998,Yes,Good,Countryside,216462.24
4481,1,3,2,2006,Yes,Poor,Downtown,492532.66
2622,2,3,1,2013,Yes,Excellent,Suburb,306473.73
2650,5,2,3,2006,No,Poor,Suburb,355075.37
1829,5,1,1,2019,Yes,Poor,City Center,240055.06
1858,1,3,3,1992,No,Poor,Countryside,166389.57
2982,2,2,2,1972,No,Good,Countryside,265953.22
2517,3,3,3,1976,Yes,Good,Downtown,276862.6
1831,1,3,2,2007,Yes,Poor,Countryside,198514.41
4844,1,1,2,1986,Yes,Fair,Downtown,463454.52
4761,5,1,3,1955,Yes,Poor,Suburb,490474.22
1858,1,3,2,2014,No,Poor,Suburb,219272.19
3677,1,2,3,1955,Yes,Excellent,Suburb,340589.54
2628,1,1,2,1999,No,Poor,Suburb,277270.28
2680,5,3,1,1971,No,Good,Suburb,288388.3
637,3,1,1,1974,Yes,Excellent,Downtown,44640.17
3972,3,1,2,2021,No,Fair,Suburb,455730.9
3332,1,1,2,2000,Yes,Excellent,Downtown,321879.92
4079,5,3,3,1997,Yes,Fair,Suburb,440929.68
3531,3,2,1,2019,No,Excellent,Downtown,420266.96
4664,3,2,3,2014,No,Excellent,Downtown,501715.13
3093,3,2,2,2009,Yes,Fair,Downtown,382415.26
4800,5,1,2,1995,No,Good,Countryside,535790.99
4318,5,3,3,1985,Yes,Good,Downtown,467610.72
4638,1,1,2,2007,Yes,Good,Downtown,490722.53
4323,4,2,1,1987,Yes,Excellent,Suburb,514169.33
4542,3,2,3,1960,Yes,Poor,Downtown,464210.38
2406,4,3,1,1961,No,Excellent,Downtown,250080.6
1260,5,1,1,1991,No,Poor,City Center,138691.09
3945,5,2,1,1988,No,Poor,Countryside,465617.16
1399,5,3,3,2020,Yes,Good,City Center,237239.81
4955,4,1,2,1960,Yes,Poor,Suburb,484888.93
3447,5,1,1,1985,Yes,Excellent,Countryside,414117.19
2219,1,2,1,2001,Yes,Excellent,Countryside,234509.51
780,5,2,1,1980,No,Good,City Center,78411.97
3766,2,1,2,1982,Yes,Fair,Countryside,364346.32
2387,4,1,2,1962,No,Excellent,City Center,245046.58
3766,2,2,3,1967,Yes,Poor,Downtown,349646.69
1166,5,1,2,1990,No,Excellent,City Center,117855.69
4688,1,2,3,2007,Yes,Excellent,Countryside,482362.89
1171,3,1,3,2005,Yes,Excellent,Countryside,136641.99
2469,5,2,3,1973,Yes,Fair,Suburb,255459.59
4656,1,3,3,2022,No,Poor,Suburb,491770.42
3622,4,2,3,1980,Yes,Good,Suburb,402845.55
4400,2,2,1,2004,Yes,Excellent,Suburb,473650.89
1023,2,3,2,1959,No,Poor,Countryside,63898.28
2893,2,1,1,2009,Yes,Poor,Suburb,304975.49
3617,4,3,3,1951,Yes,Good,City Center,357359.57
3093,1,2,2,1964,No,Excellent,Downtown,275613.3
2468,4,1,1,1952,Yes,Fair,Countryside,231419.33
2253,2,3,1,1992,Yes,Poor,Suburb,258316.19
2796,5,1,3,1980,Yes,Good,Countryside,308497.19
2761,3,1,1,2019,Yes,Fair,Suburb,324485.98
2786,4,3,1,2016,Yes,Poor,Countryside,368063.67
4702,4,1,1,2005,Yes,Excellent,Suburb,553113.25
3378,1,3,1,2012,Yes,Poor,Downtown,341793.16
4643,1,2,1,1964,Yes,Fair,Suburb,411934.17
4144,4,1,3,1959,No,Fair,City Center,398204.23
4932,2,2,3,1987,Yes,Excellent,Countryside,521897.29
2555,3,2,1,1996,No,Excellent,Countryside,281290.35
1776,1,1,3,2006,No,Good,City Center,199735.86
3266,2,3,3,1999,No,Excellent,City Center,337046.6
802,5,1,2,2020,Yes,Good,Downtown,100348.07
1138,1,2,1,1964,No,Fair,Countryside,48702.71
555,2,2,3,1967,Yes,Fair,Downtown,47374.01
1025,2,3,3,1951,Yes,Poor,Countryside,94651.86
4623,3,1,1,1992,No,Poor,Countryside,439319.48
2625,3,2,2,1975,Yes,Good,Downtown,295182.97
3787,5,2,1,2020,Yes,Excellent,Countryside,460769.11
864,2,2,2,1987,Yes,Excellent,Countryside,86450.2
2146,2,3,1,1991,Yes,Poor,Downtown,216170.29
1418,3,2,1,1954,No,Fair,Suburb,146658.35
3297,1,2,1,1960,Yes,Good,Downtown,319022.22
2031,1,1,1,2014,Yes,Fair,Countryside,229695.97
3845,4,1,2,1983,Yes,Fair,City Center,390813.45
2406,3,2,2,1950,No,Excellent,Suburb,244730.25
3586,4,2,3,1951,Yes,Good,City Center,352411.51
2575,3,1,1,1969,Yes,Fair,Suburb,256807.88
1213,5,3,2,2010,Yes,Poor,City Center,183212.96
1562,2,3,2,1970,No,Poor,Suburb,125333.89
2476,5,3,2,2017,Yes,Excellent,Downtown,325040.24
1796,3,3,1,1961,No,Poor,Suburb,179649.55
625,2,3,3,1971,No,Poor,Suburb,36446.38
4096,1,3,2,1969,No,Fair,Suburb,394937.29
3783,1,3,1,1950,Yes,Poor,Countryside,347235.06
2103,4,3,2,1979,Yes,Poor,City Center,250587.02
566,3,1,2,1973,Yes,Fair,Downtown,42231.81
732,3,3,3,1963,Yes,Excellent,City Center,69814.43
2656,1,3,2,1985,Yes,Excellent,City Center,273901.42
1669,5,3,2,2018,Yes,Good,Downtown,230218.04
2658,2,2,1,1973,Yes,Poor,Countryside,241856.63
4706,5,1,1,2009,No,Fair,Suburb,509739.48
1993,5,1,3,2004,Yes,Good,Countryside,254155.17
4507,1,1,1,1973,No,Excellent,Countryside,421819.0
2972,1,3,1,1973,Yes,Excellent,Suburb,280685.47
3160,1,3,3,2003,No,Fair,City Center,340075.19
3239,4,2,2,1975,No,Good,Suburb,353506.87
2261,5,1,3,2015,Yes,Good,Downtown,308368.32
4014,3,3,1,1987,Yes,Fair,Suburb,414572.39
2475,2,1,3,2014,Yes,Fair,City Center,293997.88
2862,4,2,2,2000,Yes,Good,Countryside,368043.9
1376,3,2,3,1984,Yes,Excellent,Countryside,150037.01
4312,5,2,1,1992,Yes,Poor,Suburb,476004.22
3948,1,1,1,1978,Yes,Excellent,Downtown,375399.39
1812,5,3,3,1986,Yes,Fair,City Center,198081.16
1960,2,3,2,2007,Yes,Good,Countryside,242422.53
3209,4,2,3,2003,No,Good,Suburb,356654.45
2824,4,3,2,1988,No,Poor,Downtown,305441.9
2233,2,2,2,1991,Yes,Good,Downtown,246401.19
2105,3,1,3,1977,Yes,Poor,Countryside,226079.74
3063,3,2,2,1978,Yes,Excellent,Countryside,302999.34
3921,4,1,1,1992,Yes,Excellent,City Center,410718.49
4017,4,2,3,1952,Yes,Good,Downtown,384703.84
2897,1,3,2,1959,Yes,Good,City Center,306214.12
4235,3,3,1,2008,No,Fair,Downtown,493094.23
3370,2,2,3,1963,Yes,Fair,Downtown,335730.63
1660,3,3,1,1996,No,Good,Suburb,179215.55
742,1,3,1,1991,No,Good,Countryside,62172.89
3090,4,3,1,1981,Yes,Excellent,Downtown,343061.79
1563,4,1,2,1981,Yes,Good,City Center,212930.35
4824,1,3,3,1991,Yes,Fair,Countryside,499904.93
3095,2,1,3,1981,No,Excellent,City Center,309483.78
1419,4,2,2,1975,No,Poor,Countryside,94958.35
505,5,3,3,1950,No,Fair,Countryside,47088.63
967,4,3,1,2005,No,Fair,Downtown,106574.51
4670,5,3,3,1951,Yes,Excellent,Suburb,468549.26
503,1,2,2,1979,No,Poor,Downtown,26669.08
1145,1,1,1,2020,No,Fair,Countryside,121716.23
617,4,1,2,2001,Yes,Good,Downtown,78736.56
3428,3,3,1,1958,Yes,Fair,Downtown,325013.93
3051,5,2,1,1971,Yes,Excellent,Countryside,322561.1
4789,2,2,3,1983,Yes,Excellent,Countryside,482433.62
1346,4,2,1,1998,Yes,Excellent,Downtown,168835.69
3262,2,2,2,1950,Yes,Fair,Downtown,296392.93
1641,4,2,3,2022,Yes,Poor,Downtown,248347.22
2310,3,1,2,2002,No,Good,City Center,208581.43
1223,3,1,1,1989,No,Excellent,Downtown,129679.69
724,3,1,2,1994,Yes,Poor,City Center,86880.44
4708,3,3,2,2017,Yes,Good,Suburb,525513.49
2548,1,2,1,1958,No,Excellent,City Center,200934.49
4915,1,3,3,1971,Yes,Good,Downtown,480492.17
2073,5,2,2,1967,No,Good,Suburb,182528.87
2328,2,1,1,1992,Yes,Poor,City Center,242559.02
2417,4,3,3,1988,Yes,Good,City Center,281339.11
4734,4,1,3,2022,No,Excellent,Countryside,514789.91
2526,1,2,3,1955,No,Poor,Suburb,248601.92
4244,4,2,2,1997,No,Fair,Countryside,456068.03
1401,1,2,2,1956,Yes,Fair,Suburb,102968.2
2539,5,1,2,2018,Yes,Poor,City Center,342840.73
509,2,2,3,1965,No,Fair,Countryside,65190.9
760,5,1,2,1950,Yes,Good,Downtown,42695.9
2173,3,3,1,1986,Yes,Excellent,City Center,224940.34
2719,3,2,2,1986,Yes,Good,Suburb,285583.76
2560,3,2,2,2013,No,Poor,Suburb,276427.4
4213,5,2,3,2011,No,Excellent,Countryside,496210.95
2119,4,3,2,2021,Yes,Poor,Countryside,258870.26
820,2,2,1,2010,Yes,Poor,Suburb,131665.49
1842,3,1,3,1982,No,Poor,City Center,193914.62
2876,3,1,1,2015,Yes,Good,Countryside,351064.94
3332,3,2,3,1979,Yes,Excellent,Downtown,326711.61
3324,2,2,3,1969,Yes,Excellent,Suburb,315189.03
2494,3,3,2,2009,No,Excellent,Downtown,303456.75
3458,2,3,1,1973,No,Good,Suburb,352972.1
2538,3,3,3,1953,Yes,Fair,Downtown,235285.07
3990,5,2,2,1986,Yes,Good,City Center,435463.47
4177,5,3,3,1953,Yes,Good,Suburb,420899.3
1618,2,3,3,1967,Yes,Poor,City Center,146975.37
2104,5,1,3,2015,Yes,Excellent,Countryside,249080.43
4527,2,3,3,1997,Yes,Excellent,Suburb,456917.88
735,5,1,3,1982,Yes,Fair,City Center,114700.16
2469,5,1,3,2007,Yes,Fair,Downtown,293817.81
4929,2,3,2,2022,Yes,Poor,City Center,568952.74
2408,4,1,3,1977,Yes,Excellent,Suburb,263572.01
875,5,2,1,1984,Yes,Fair,City Center,122230.15
4030,3,2,2,1959,Yes,Fair,Downtown,381263.51
3135,4,3,1,2014,No,Excellent,Downtown,342205.5
2070,2,2,3,1991,Yes,Good,Downtown,206752.31
3060,4,1,1,1958,Yes,Fair,Countryside,330346.02
3891,1,2,3,2009,Yes,Excellent,Suburb,428951.54
3465,1,3,3,1964,Yes,Fair,Downtown,316351.88
4143,5,3,2,2006,Yes,Poor,Countryside,470178.3
4350,5,1,2,2018,Yes,Fair,Downtown,483796.77
1372,3,3,3,1971,Yes,Excellent,City Center,108162.51
1752,4,2,2,2013,No,Fair,Suburb,220217.57
1814,1,3,1,1990,Yes,Poor,City Center,218063.55
3398,5,1,2,2020,Yes,Poor,Countryside,441222.15
577,4,3,2,2005,Yes,Fair,City Center,113500.02
3121,5,2,1,1972,Yes,Fair,City Center,322927.81
4727,5,1,2,1974,Yes,Poor,Downtown,468161.76
1100,1,2,3,1955,No,Poor,City Center,84071.45
1565,1,1,1,1983,Yes,Good,Downtown,149897.77
2636,5,3,3,2012,No,Good,Downtown,316776.56
2949,2,1,1,1958,Yes,Poor,Suburb,258625.96
2843,5,1,3,2009,No,Fair,Countryside,343398.9
2363,5,3,3,1998,Yes,Excellent,Countryside,271491.83
1818,3,2,2,2000,No,Fair,Countryside,206758.03
4097,3,3,3,2009,Yes,Fair,Downtown,432962.17
4262,3,1,2,2019,No,Good,Countryside,511898.37
2690,2,3,1,1986,No,Good,Downtown,258913.84
1492,2,1,3,1980,Yes,Good,Suburb,153413.68
3212,5,3,3,1990,Yes,Poor,Countryside,343379.78
2692,3,3,1,2011,Yes,Poor,Downtown,311595.41
1748,2,2,1,2007,Yes,Fair,Countryside,216466.56
3554,1,1,3,1963,Yes,Fair,Countryside,347532.53
4533,5,2,1,1985,No,Excellent,Suburb,501465.07
2497,4,1,2,1985,Yes,Fair,City Center,266040.69
4187,5,3,1,1957,No,Fair,Countryside,414295.69
2651,4,1,1,1975,No,Good,Suburb,246090.26
4518,3,2,3,1985,Yes,Good,Countryside,501732.59
3610,4,2,2,1997,Yes,Good,Countryside,402340.2
2470,3,2,1,1977,No,Good,Countryside,251793.53
697,1,1,2,2017,Yes,Good,Countryside,108990.81
3126,4,2,2,2011,Yes,Excellent,City Center,376230.11
1702,5,2,2,2000,No,Excellent,City Center,207494.94
2535,3,2,3,1991,Yes,Excellent,Countryside,288601.78
977,5,3,1,1978,No,Good,Countryside,106029.27
1754,2,3,3,1959,No,Poor,Suburb,118368.43
1422,3,1,1,1988,Yes,Good,Suburb,179483.35
919,4,1,1,1950,Yes,Good,Downtown,60731.08
2704,3,2,3,1988,No,Excellent,City Center,275008.82
3097,5,3,2,1970,Yes,Good,Countryside,331191.29
1620,1,2,2,2014,Yes,Excellent,City Center,170565.84
3568,3,2,1,1964,Yes,Good,Suburb,374979.94
1450,4,3,3,1953,No,Fair,City Center,139615.31
2836,2,3,2,2009,No,Poor,City Center,304594.51
2743,1,3,2,2010,Yes,Poor,Countryside,273592.23
3145,2,1,1,1969,Yes,Excellent,Countryside,305525.51
2357,3,1,1,1959,Yes,Fair,Suburb,169394.99
2365,5,2,3,1983,Yes,Poor,Countryside,272884.87
3412,5,1,1,1997,Yes,Excellent,Suburb,411772.95
3353,4,3,2,1982,No,Good,Suburb,358132.62
3728,5,3,2,2010,Yes,Good,Downtown,464535.11
4219,1,1,2,1959,Yes,Fair,Downtown,365322.22
3728,5,2,2,2003,No,Poor,Downtown,462179.39
2871,4,2,3,2014,Yes,Good,City Center,363215.55
3391,3,1,3,1950,No,Excellent,Downtown,318268.9
4256,3,2,1,1954,Yes,Good,Countryside,401743.17
4725,5,2,1,1964,Yes,Good,Countryside,476655.23
594,2,2,1,1977,Yes,Poor,Downtown,48672.16
3174,3,3,3,1972,No,Poor,City Center,342487.64
2455,5,3,2,1966,No,Excellent,Suburb,232175.64
1293,4,1,1,1962,No,Fair,City Center,115187.63
2334,5,3,2,1963,Yes,Fair,City Center,264726.14
2616,3,2,1,1960,Yes,Good,Suburb,269631.18
4606,4,3,1,1977,No,Excellent,Suburb,495331.77
3825,5,1,1,1991,No,Fair,Suburb,386032.72
3419,1,3,1,2010,No,Fair,Countryside,384264.82
3097,4,2,1,2013,Yes,Good,Suburb,364856.83
3705,1,2,2,1980,No,Excellent,Suburb,334331.21
1314,2,1,1,2022,No,Fair,City Center,156655.81
845,4,3,2,1959,Yes,Poor,City Center,43731.27
2849,1,3,3,1957,Yes,Poor,Downtown,268573.2
862,3,3,1,1970,No,Good,City Center,76098.76
2943,3,2,2,2008,No,Good,Suburb,300272.42
2765,2,1,3,1999,Yes,Good,Countryside,284566.68
2688,4,3,3,2018,Yes,Good,City Center,317299.79
3505,4,2,3,2019,Yes,Fair,City Center,398602.31
3781,4,2,2,1979,Yes,Excellent,Suburb,354638.72
1484,2,2,1,1966,No,Good,City Center,90179.67
2139,4,3,1,1969,No,Good,City Center,214392.85
1327,3,3,2,1997,Yes,Fair,Suburb,152441.16
3230,1,3,1,2022,Yes,Good,City Center,380671.0
4031,3,3,2,1951,No,Good,Countryside,372935.13
4951,3,3,1,1986,Yes,Excellent,Downtown,511649.16
3435,1,3,3,1950,Yes,Poor,City Center,300669.99
4376,3,3,1,1953,Yes,Good,Countryside,426111.95
626,2,3,2,2003,Yes,Fair,City Center,86210.65
3677,1,3,2,1974,Yes,Excellent,Downtown,351036.88
3556,3,2,3,1952,Yes,Fair,Suburb,351143.54
1103,5,3,2,1958,Yes,Excellent,Downtown,164443.17
3949,3,1,1,1983,Yes,Excellent,City Center,389628.57
4646,2,2,1,1992,Yes,Good,Downtown,489657.47
4033,4,3,3,1971,Yes,Good,Downtown,423367.01
3867,3,1,2,2019,Yes,Good,Suburb,454644.8
3868,4,3,3,1951,Yes,Poor,City Center,389866.95
4297,5,1,1,2015,Yes,Poor,Downtown,479398.71
2292,3,1,3,1981,No,Fair,Downtown,203421.14
3361,1,1,2,1965,No,Good,Suburb,312874.0
3976,4,1,3,1950,Yes,Poor,Countryside,364238.24
3917,5,2,2,2021,Yes,Good,City Center,489521.2
2145,1,2,2,1997,No,Poor,Countryside,223667.76
1705,1,1,1,1999,Yes,Poor,Countryside,173086.01
3530,1,3,1,1962,Yes,Excellent,Suburb,305800.03
3372,1,1,1,1964,Yes,Good,Suburb,321301.98
3572,3,2,2,2002,No,Good,City Center,416699.96
2354,3,3,3,1993,No,Poor,Countryside,246596.75
4521,3,2,2,1957,Yes,Good,Downtown,429127.01
3208,5,2,1,1995,Yes,Poor,Countryside,365088.31
4002,5,3,1,2018,Yes,Good,Suburb,485927.12
1832,5,1,3,1968,No,Excellent,Downtown,175788.84
701,2,1,1,1987,Yes,Good,Downtown,84078.76
4007,5,1,1,1960,Yes,Excellent,Suburb,447316.86
4712,3,1,1,1992,Yes,Fair,Downtown,500213.6
1074,3,3,3,1969,Yes,Good,Countryside,99956.5
1036,2,3,2,1969,No,Good,Suburb,94348.16
2125,2,3,1,1970,Yes,Good,City Center,229092.99
2622,5,2,3,2006,Yes,Excellent,Suburb,320854.01
885,4,3,1,1999,Yes,Good,City Center,136720.3
3781,2,1,3,1975,No,Good,City Center,377954.71
974,1,2,1,1979,Yes,Poor,Suburb,63662.74
917,3,1,3,2022,No,Fair,Suburb,135491.88
4100,1,1,1,1980,No,Excellent,City Center,364828.17
1454,3,3,2,1991,Yes,Poor,City Center,154368.94
1705,3,3,1,2017,Yes,Excellent,Downtown,242265.07
4620,2,1,3,2010,Yes,Poor,Suburb,509567.58
2490,2,1,1,2010,No,Fair,Suburb,260682.06
4072,1,2,2,2019,No,Poor,Downtown,466903.33
4880,3,3,1,2017,Yes,Excellent,Suburb,519682.94
4658,1,2,3,1966,Yes,Good,Downtown,442953.26
3213,4,2,3,1968,Yes,Good,Downtown,335945.14
2703,1,2,2,2000,No,Fair,Suburb,216826.83
3620,5,1,3,2019,Yes,Excellent,Countryside,425147.98
1466,1,2,1,2012,Yes,Excellent,City Center,142281.75
3932,5,2,1,1979,No,Excellent,Suburb,396354.33
1188,5,1,1,1974,No,Fair,Countryside,120736.03
4743,5,3,3,2020,Yes,Good,Downtown,518283.73
4201,4,3,1,1975,Yes,Poor,Countryside,427895.36
841,1,2,1,2005,Yes,Fair,Suburb,57447.54
2224,1,1,1,1971,Yes,Poor,Suburb,199204.45
4922,4,3,2,1968,No,Good,Countryside,506293.21
2292,3,2,3,1980,Yes,Fair,Suburb,230751.26
2259,2,2,3,1975,Yes,Good,City Center,239257.21
3712,1,1,3,1991,Yes,Poor,Countryside,363839.78
1489,2,2,2,1990,Yes,Excellent,Downtown,154675.55
2762,4,3,3,1972,Yes,Excellent,Countryside,274939.66
2982,3,1,2,1996,Yes,Poor,Countryside,273620.22
1451,3,3,2,1962,Yes,Excellent,Countryside,135322.24
1222,3,3,3,2015,Yes,Poor,Countryside,162158.41
3889,4,3,1,2015,No,Fair,Downtown,479164.89
2579,5,2,1,1965,Yes,Fair,Downtown,285587.84
3217,5,2,3,2022,No,Fair,Downtown,379592.02
2832,2,3,3,1977,Yes,Excellent,Countryside,288092.13
3876,5,3,2,1984,Yes,Good,City Center,447770.08
2000,5,1,3,1990,Yes,Excellent,City Center,243026.39
785,3,1,2,1980,Yes,Excellent,Downtown,111111.95
3995,3,2,3,1981,Yes,Good,City Center,398080.42
2565,2,2,1,2003,Yes,Good,City Center,298299.76
1268,1,1,1,2021,Yes,Good,City Center,139950.83
3557,2,3,3,2008,Yes,Good,City Center,394694.29
4789,2,2,2,1990,No,Excellent,City Center,476374.25
2661,4,3,1,2015,No,Poor,Suburb,315832.1
3793,4,1,2,2003,No,Fair,Downtown,417324.77
1446,2,2,3,1989,No,Poor,Countryside,154579.87
3835,2,2,3,1977,Yes,Excellent,City Center,384640.19
4650,2,1,1,1986,Yes,Good,Suburb,421509.25
1981,5,2,3,2014,Yes,Fair,Countryside,258198.25
2401,4,1,1,2004,No,Fair,Suburb,300340.41
3951,2,2,2,1953,No,Poor,City Center,362645.71
4564,3,1,1,1959,Yes,Excellent,City Center,475357.16
554,3,2,1,1996,No,Excellent,City Center,65572.55
2323,5,3,2,1963,Yes,Excellent,City Center,217470.8
3962,5,3,1,1987,Yes,Fair,Countryside,432815.35
3579,1,3,1,1961,Yes,Poor,Countryside,324915.89
1332,1,2,3,1994,Yes,Fair,Suburb,128399.74
4908,1,2,2,1966,Yes,Fair,Downtown,449060.06
3306,5,3,1,1984,Yes,Good,City Center,370831.27
2990,5,3,2,2015,Yes,Poor,Suburb,362943.28
827,5,1,2,1990,No,Good,Suburb,130810.59
3810,3,1,1,2016,No,Excellent,Suburb,393637.16
3800,5,1,3,1978,No,Fair,City Center,403726.82
4175,3,3,2,1967,No,Poor,City Center,424601.13
3554,1,3,1,1969,Yes,Excellent,Suburb,357013.04
2643,1,3,2,1963,No,Poor,City Center,227549.28
1811,1,1,3,1983,Yes,Fair,Suburb,170669.48
3691,2,2,3,1998,No,Poor,Countryside,389668.84
3038,2,3,3,2003,Yes,Excellent,City Center,299477.79
4483,4,2,1,1980,Yes,Good,Countryside,466503.01
664,4,2,1,2007,Yes,Fair,Downtown,106636.21
4777,4,2,3,1991,No,Good,City Center,508985.21
1322,2,1,1,2007,Yes,Fair,Downtown,151408.72
1443,2,2,3,1979,Yes,Excellent,Suburb,148156.69
4925,4,3,1,1974,Yes,Fair,City Center,556266.9
1274,4,1,3,2012,No,Good,City Center,151116.78
2698,5,3,2,1968,Yes,Fair,City Center,300100.98
3656,4,3,3,2021,Yes,Excellent,Downtown,460029.74
4742,5,1,3,1957,Yes,Fair,Downtown,445721.27
4195,3,3,1,1952,No,Good,Suburb,408800.1
3952,2,3,1,2016,No,Excellent,Countryside,398838.4
1414,4,1,1,1966,Yes,Good,Countryside,182135.3
1808,2,3,1,1963,No,Fair,Downtown,169385.94
4677,2,2,1,1958,Yes,Poor,City Center,458750.89
1013,2,3,1,2011,Yes,Good,Countryside,94715.16
2420,3,2,2,1970,No,Fair,Countryside,223796.62
4094,1,3,3,1986,No,Poor,Downtown,397054.15
1909,4,1,3,1960,Yes,Poor,Suburb,218661.45
3690,1,1,3,1969,No,Excellent,Downtown,353084.45
4991,1,3,2,1984,Yes,Poor,Downtown,471244.08
2055,1,1,3,2002,No,Good,City Center,212737.84
1304,2,3,2,1996,Yes,Good,Downtown,117052.64
1779,5,1,2,2001,Yes,Poor,City Center,188375.74
4077,2,2,2,1957,Yes,Fair,Suburb,397370.14
3401,2,3,3,1953,Yes,Good,City Center,334673.42
1887,1,2,2,1976,No,Good,Suburb,174244.8
3261,2,2,3,1993,Yes,Excellent,Suburb,377971.3
3179,1,3,3,1989,No,Fair,Suburb,323321.36
2606,5,2,1,1996,Yes,Poor,Downtown,309417.63
4723,4,3,1,1993,Yes,Fair,City Center,491419.79
3268,1,2,2,1997,Yes,Excellent,Countryside,352251.84
4453,5,3,2,2001,Yes,Excellent,Downtown,472942.77
3686,4,3,3,2017,Yes,Fair,Suburb,473496.43
3780,3,1,2,1960,Yes,Excellent,Countryside,383172.5
3073,1,3,2,2022,Yes,Excellent,Downtown,400840.61
3099,1,3,3,1953,No,Excellent,Countryside,279505.22
4533,3,2,2,2022,Yes,Fair,Suburb,528602.63
736,3,3,2,1997,No,Excellent,Countryside,87150.97
1804,1,1,3,1975,Yes,Poor,Countryside,156667.95
3930,3,2,3,1988,No,Poor,Suburb,386152.71
1801,2,2,1,2007,Yes,Good,Countryside,175270.83
3041,4,1,3,1968,Yes,Poor,Downtown,311543.56
2551,4,2,1,2007,Yes,Good,Countryside,300375.59
941,4,2,2,1977,No,Fair,City Center,77258.28
2576,2,2,3,2015,Yes,Excellent,Downtown,273955.75
3680,3,2,3,1959,No,Poor,Countryside,353121.37
3157,5,1,3,2007,Yes,Good,City Center,346821.27
4298,3,1,2,2022,Yes,Fair,City Center,488163.48
1304,1,2,1,1963,No,Good,City Center,70868.94
574,4,2,2,1964,Yes,Excellent,Countryside,60150.49
2675,3,1,2,1982,No,Poor,Suburb,244097.86
4424,5,1,3,1966,No,Fair,City Center,428058.82
2589,1,1,1,1973,No,Good,Suburb,182022.75
540,2,2,2,1979,Yes,Fair,Downtown,43331.07
2581,2,2,3,2011,No,Good,Suburb,310525.9
2122,5,3,2,1962,Yes,Good,Suburb,255185.07
841,1,1,2,2011,No,Excellent,Suburb,93974.54
4552,4,2,3,1996,Yes,Excellent,Suburb,456133.09
2574,3,1,3,1965,No,Good,Suburb,256602.19
1145,1,2,1,2015,No,Poor,Downtown,132271.59
4763,2,1,2,1992,Yes,Fair,Downtown,480723.74
1109,5,2,3,1957,Yes,Fair,Suburb,137203.14
954,5,3,3,1952,No,Excellent,Suburb,102423.64
3453,3,3,1,1961,No,Poor,City Center,375356.99
2208,5,1,1,1965,No,Good,Downtown,193970.41
3972,5,2,3,2008,No,Excellent,Countryside,424954.29
3469,1,2,1,1998,Yes,Good,Downtown,333591.95
3528,4,1,3,2012,Yes,Good,Countryside,396139.0
3181,3,2,2,2011,No,Excellent,City Center,384915.44
4129,1,1,1,1998,Yes,Poor,Suburb,407177.82
4725,4,2,2,2000,No,Fair,City Center,498901.59
3567,1,1,2,1982,No,Excellent,Suburb,347196.25
1886,1,2,2,1979,Yes,Poor,Downtown,191829.99
4276,5,1,3,2008,No,Good,Suburb,433032.15
3366,4,2,2,1964,No,Excellent,Countryside,355972.74
3863,3,3,2,1972,Yes,Fair,Countryside,383188.4
4624,3,2,2,1994,Yes,Fair,City Center,489509.77
648,4,1,3,2011,Yes,Good,Downtown,133009.26
4350,5,3,2,2020,Yes,Excellent,Countryside,510049.68
2558,2,2,2,1964,Yes,Fair,City Center,208441.75
1636,1,3,1,1995,Yes,Excellent,Downtown,140777.37
686,5,2,3,2013,Yes,Fair,Downtown,124969.87
3354,4,3,2,1995,No,Good,City Center,363257.0
1750,1,1,1,2005,Yes,Good,Countryside,183169.34
1833,3,2,3,1993,Yes,Excellent,Countryside,195490.51
4693,2,2,3,1978,Yes,Poor,City Center,497483.15
4650,3,1,3,2011,No,Poor,Countryside,499727.59
3211,4,3,3,2001,No,Good,City Center,325977.81
2285,1,1,3,2003,No,Fair,Countryside,244332.96
1250,4,1,3,2006,Yes,Poor,Countryside,199682.47
2262,1,3,2,2015,No,Good,City Center,250735.47
4420,5,1,2,1971,No,Fair,City Center,460228.76
4960,2,2,2,1969,No,Fair,Countryside,468516.7
981,5,2,2,1982,Yes,Poor,City Center,120042.56
653,5,2,1,2021,Yes,Good,Countryside,140215.61
2024,4,1,2,1974,Yes,Fair,Suburb,231795.39
2620,2,2,3,1995,Yes,Fair,Downtown,285375.59
2843,1,2,2,2022,Yes,Excellent,Downtown,352750.99
1740,1,2,2,2006,Yes,Excellent,Countryside,188920.83
560,3,2,3,1954,No,Poor,Downtown,4159.65
1438,1,2,2,2004,No,Excellent,Countryside,125030.93
2139,4,2,2,2010,No,Good,City Center,279675.07
4620,5,1,2,1957,No,Poor,Suburb,482288.92
4726,5,2,1,1965,Yes,Poor,Downtown,460156.44
4069,5,2,2,1997,Yes,Excellent,Downtown,453288.76
1752,2,3,3,2010,Yes,Fair,City Center,203721.69
4703,1,1,3,1964,No,Good,Suburb,422652.41
671,4,1,2,2014,No,Good,Suburb,74801.97
1958,2,1,2,1971,Yes,Good,Suburb,163899.69
4049,3,1,2,1952,Yes,Poor,City Center,366355.04
4697,4,2,3,2003,Yes,Good,Downtown,490336.62
2822,4,2,3,1963,No,Fair,Downtown,294811.72
2136,4,3,1,1985,No,Fair,Suburb,240337.23
3615,5,3,1,2016,Yes,Excellent,City Center,425504.55
4590,4,1,1,1959,Yes,Good,City Center,416650.14
3504,1,3,3,1998,Yes,Poor,City Center,359389.62
829,4,3,1,2014,Yes,Excellent,Suburb,146680.15
4140,5,1,2,2006,No,Fair,City Center,447060.09
4394,4,1,2,1976,Yes,Good,Suburb,431904.45
4607,3,3,3,1954,No,Fair,Suburb,445349.44
1841,3,2,1,2020,Yes,Excellent,Suburb,238040.21
4163,5,3,2,2006,No,Fair,Countryside,434147.8
715,1,3,3,1964,No,Good,Suburb,64614.82
838,1,2,1,1979,Yes,Good,City Center,42202.11
4562,2,2,2,1969,Yes,Excellent,Countryside,441726.18
3208,5,1,1,1986,No,Good,Downtown,369554.25
3652,4,1,3,1952,Yes,Fair,Downtown,357099.48
2250,5,3,1,2022,No,Fair,City Center,315324.53
2921,2,2,3,1990,Yes,Poor,City Center,333485.71
1209,5,1,1,1988,No,Poor,City Center,113146.86
4226,5,3,2,1975,No,Poor,City Center,467666.57
4142,2,2,3,1951,No,Fair,Countryside,408496.4
4493,1,3,3,1972,Yes,Fair,City Center,433569.37
988,4,1,3,1972,Yes,Excellent,Suburb,94687.22
546,2,1,1,1965,No,Poor,Downtown,-17107.15
3859,3,2,1,1958,Yes,Fair,City Center,392502.93
900,1,3,2,1962,No,Excellent,Suburb,3863.71
4490,3,2,3,1977,Yes,Fair,City Center,480153.1
3657,1,1,3,1976,No,Excellent,Suburb,313753.13
4845,4,1,1,2000,No,Poor,Countryside,546100.92
890,4,3,1,2013,Yes,Poor,Downtown,149458.09
4353,5,3,2,2001,Yes,Poor,Downtown,515866.45
4930,3,3,2,1987,Yes,Fair,Countryside,504773.49
1128,1,2,1,2014,Yes,Fair,Suburb,105340.82
4732,4,3,3,1967,Yes,Excellent,City Center,455393.15
3430,2,3,2,2012,Yes,Good,Suburb,403584.62
2021,4,1,1,2000,Yes,Good,Downtown,248109.85
1326,2,1,1,1958,Yes,Poor,Countryside,115341.59
2000,1,3,3,1962,No,Good,Countryside,173520.14
3794,4,3,1,1989,Yes,Poor,Suburb,427073.81
2919,4,1,1,2004,No,Excellent,Suburb,318373.14
1434,1,3,2,1992,No,Good,Countryside,146886.67
3542,4,2,1,1993,Yes,Good,Downtown,372142.53
4997,2,2,1,2017,Yes,Poor,City Center,536065.02
1966,4,2,2,1982,No,Excellent,City Center,270061.13
4061,3,3,3,1973,No,Good,Suburb,411434.59
1114,5,1,3,1985,Yes,Good,Countryside,97137.63
1682,2,3,2,1959,Yes,Good,Countryside,140814.57
3723,3,3,2,1969,Yes,Excellent,Countryside,357743.89
3167,1,1,3,1961,Yes,Excellent,Downtown,286896.53
630,2,1,3,2011,Yes,Good,Suburb,65005.57
3483,5,1,3,1967,Yes,Poor,Suburb,357974.75
4778,5,2,3,2012,Yes,Poor,Suburb,530599.69
4959,1,3,3,1974,Yes,Good,Downtown,494955.23
538,1,1,2,1961,No,Excellent,Suburb,-6217.02
4459,2,3,1,1970,No,Good,City Center,445726.33
4087,4,2,3,1974,No,Excellent,Suburb,458301.78
1420,1,2,3,1960,Yes,Good,Suburb,84952.57
3269,4,1,1,2013,No,Excellent,Suburb,383679.52
4611,3,1,1,2022,No,Fair,Downtown,457164.67
992,5,3,1,1999,No,Poor,City Center,136367.45
1631,4,1,1,2011,Yes,Fair,City Center,210319.34
4021,5,3,1,1998,Yes,Poor,Countryside,443582.08
810,4,1,1,1963,Yes,Excellent,Countryside,37557.12
1238,3,3,2,1950,No,Fair,City Center,96562.11
3741,1,3,1,1974,Yes,Poor,Suburb,396387.86
1045,3,3,1,2008,No,Good,Suburb,132544.71
2961,1,3,2,2021,No,Excellent,Suburb,336697.43
4846,1,2,1,2018,Yes,Excellent,Downtown,540927.61
2304,5,3,3,1954,Yes,Good,Suburb,287385.86
3712,3,1,3,1968,No,Good,Downtown,338717.28
4310,4,2,1,1972,No,Poor,City Center,421282.52
1313,3,2,2,1958,Yes,Excellent,Suburb,109191.64
4624,5,3,3,1999,Yes,Poor,Suburb,533866.99
2532,1,2,2,1965,Yes,Good,Countryside,180991.14
4913,5,3,3,1982,Yes,Excellent,City Center,547355.83
744,2,1,1,1951,Yes,Good,Suburb,37482.44
771,2,3,2,1963,Yes,Poor,Downtown,48615.1
4011,4,2,2,1950,Yes,Poor,City Center,403024.08
2271,5,1,2,2007,No,Poor,Countryside,288355.44
1762,4,3,3,1965,Yes,Excellent,City Center,203774.46
2924,4,1,3,1996,Yes,Good,Downtown,324015.93
4861,2,1,3,1993,No,Good,Countryside,499453.34
1420,4,2,1,1963,Yes,Poor,Downtown,146807.25
3930,2,1,3,1973,No,Poor,City Center,401807.33
4935,1,2,1,2004,No,Poor,Countryside,514167.58
4984,5,1,2,1964,Yes,Poor,Downtown,526487.16
3124,4,3,2,2021,Yes,Fair,City Center,397143.01
4260,2,1,1,1983,Yes,Fair,Downtown,467293.73
2550,3,3,3,1951,Yes,Fair,Suburb,228540.1
4000,4,3,1,1976,No,Poor,City Center,449896.75
1665,1,1,2,2021,Yes,Poor,Countryside,238659.99
875,1,3,2,1972,No,Good,Countryside,51549.08
2533,3,1,1,2017,No,Excellent,Suburb,283172.22
645,2,1,3,1963,Yes,Good,Downtown,27766.42
4888,4,3,3,2012,Yes,Fair,Downtown,564847.28
931,2,3,1,2014,Yes,Good,Countryside,89515.76
1204,1,2,1,2017,Yes,Poor,Downtown,132836.19
3132,2,3,3,2012,No,Fair,City Center,338639.72
4994,1,2,2,2013,No,Fair,City Center,514389.26
1463,2,3,1,1981,No,Excellent,Countryside,134039.93
2734,3,1,3,1962,Yes,Excellent,City Center,250394.8
2541,5,3,3,2015,Yes,Fair,Countryside,338878.5
2328,3,1,2,1968,Yes,Fair,Downtown,235189.55
2608,3,1,2,1973,Yes,Good,Downtown,292289.46
4568,5,1,2,1960,Yes,Fair,Downtown,482397.57
1438,5,2,2,2008,Yes,Poor,Suburb,175940.25
1306,4,3,2,1964,Yes,Good,Countryside,131915.67
1963,4,1,1,1959,No,Poor,City Center,175361.36
3915,3,1,3,1990,Yes,Poor,Downtown,414745.46
510,3,2,1,1976,No,Poor,Suburb,65316.27
2368,1,3,1,2009,Yes,Fair,City Center,263255.19
1384,1,3,1,2022,Yes,Excellent,City Center,175108.21
4064,4,2,1,2001,No,Excellent,City Center,444165.54
1889,4,2,1,1977,No,Poor,Downtown,212487.1
3901,1,3,2,2014,No,Fair,City Center,403822.76
4821,1,2,2,1966,No,Good,Countryside,427678.66
1324,2,3,3,1993,Yes,Poor,Suburb,159059.21
2765,2,3,1,1959,No,Good,City Center,260871.55
1436,1,1,3,2012,Yes,Good,City Center,183154.71
3300,2,1,2,1996,Yes,Fair,Countryside,293832.38
3053,5,3,2,1987,Yes,Fair,City Center,345980.77
4345,4,3,2,2019,No,Excellent,Downtown,497998.6
2296,4,3,1,2002,Yes,Excellent,Downtown,244916.04
553,1,3,1,1993,Yes,Fair,Downtown,55141.71
1226,3,3,2,2003,Yes,Poor,City Center,179827.21
3236,1,3,3,1969,Yes,Excellent,Suburb,350530.8
3670,2,2,3,1980,Yes,Good,Suburb,389091.65
2413,3,3,2,1956,No,Poor,City Center,217677.11
2096,2,2,3,2007,Yes,Good,Suburb,259794.77
2414,5,2,2,1959,Yes,Fair,Suburb,267497.44
2966,2,3,3,1959,Yes,Good,City Center,271352.37
3237,5,3,2,1988,No,Poor,Downtown,349275.43
1349,5,2,3,1977,No,Fair,City Center,147368.73
2609,2,2,1,1979,Yes,Poor,Downtown,238307.31
502,2,3,2,1986,No,Good,Downtown,41412.68
4755,5,3,2,2016,Yes,Poor,Suburb,561766.1
4569,3,2,3,1992,Yes,Fair,Suburb,504671.9
1392,5,2,2,2001,No,Good,Downtown,171584.1
2530,4,2,2,2005,No,Good,Downtown,317967.9
3660,5,1,2,2017,No,Excellent,Suburb,436417.17
2876,3,2,1,1958,Yes,Excellent,Countryside,289697.13
2433,4,1,1,1972,Yes,Poor,Downtown,230843.22
1880,1,3,3,2012,Yes,Excellent,Downtown,248505.02
4181,1,3,1,2010,Yes,Excellent,Downtown,458064.93
1790,3,2,3,1989,Yes,Excellent,Suburb,188440.36
2140,5,3,1,1993,Yes,Excellent,City Center,249907.34
3182,2,3,3,1973,Yes,Fair,Downtown,311045.8
1487,3,3,1,2000,Yes,Fair,Downtown,159564.72
1718,4,3,1,2007,No,Excellent,Downtown,233454.83
1855,4,1,3,1982,Yes,Poor,City Center,181460.23
4765,1,1,2,1965,Yes,Fair,City Center,457855.99
4635,4,2,2,1971,No,Excellent,Downtown,463691.22
2060,3,2,1,2006,No,Fair,Downtown,246277.96
1918,4,2,3,2011,No,Good,Countryside,249392.04
1454,3,3,2,2020,Yes,Fair,City Center,183659.47
1483,2,3,3,2021,No,Fair,Countryside,182842.62
1474,1,1,2,2019,Yes,Poor,Downtown,138726.65
4633,4,1,3,1979,Yes,Fair,Downtown,516494.74
4472,3,2,1,1972,Yes,Poor,Downtown,475285.79
1413,5,1,3,1981,Yes,Good,Downtown,135410.12
536,1,1,2,2006,No,Excellent,Suburb,33787.18
3887,2,1,1,1958,No,Poor,Suburb,355064.65
2211,3,1,3,1980,Yes,Fair,Suburb,225166.93
3520,2,1,2,2020,Yes,Fair,Countryside,375295.64
1295,2,2,1,1958,Yes,Poor,City Center,80286.55
4536,4,2,3,1962,Yes,Good,Downtown,468408.47
3611,4,1,2,2007,Yes,Excellent,City Center,440165.31
1824,3,2,3,1952,Yes,Fair,Suburb,162683.76
817,5,3,3,1984,Yes,Good,Downtown,109190.65
2896,3,1,1,1970,No,Excellent,Downtown,269904.2
2662,5,3,1,2013,No,Excellent,Countryside,304840.63
3245,2,2,2,2001,Yes,Fair,City Center,333294.42
2091,1,2,1,1983,No,Poor,Countryside,215772.46
3611,3,3,2,1984,Yes,Fair,Suburb,340958.62
4430,3,2,3,1964,Yes,Fair,City Center,443008.27
2496,5,1,3,1955,Yes,Fair,Suburb,249261.82
1812,2,3,2,1981,Yes,Good,Countryside,186724.29
1785,2,1,3,2001,Yes,Poor,Countryside,206127.83
4811,5,3,1,1977,Yes,Good,Downtown,520013.62
2883,2,2,3,2013,Yes,Fair,City Center,312424.81
3739,4,3,1,1968,Yes,Poor,City Center,376407.41
2639,1,3,2,1964,Yes,Excellent,Downtown,268376.53
2204,3,1,2,1955,Yes,Poor,City Center,219492.84
862,1,2,3,2022,Yes,Fair,Suburb,170205.7
3104,3,1,3,1987,Yes,Poor,Suburb,317613.11
2216,4,2,1,1975,No,Excellent,Countryside,215141.69
4951,2,1,1,2000,No,Excellent,Suburb,518252.13
4786,5,3,3,2022,No,Poor,City Center,562799.59
4238,4,1,3,2002,No,Excellent,Downtown,470586.94
2969,1,2,2,2005,No,Good,Countryside,322291.34
1056,5,2,2,2008,No,Poor,Downtown,164138.47
1325,2,3,2,2019,Yes,Excellent,Countryside,193771.11
3308,4,2,3,2007,No,Excellent,Countryside,396373.5
3219,5,1,3,1962,Yes,Poor,Downtown,354577.02
4008,4,3,3,1992,No,Good,Suburb,388978.59
4241,4,2,2,2000,Yes,Poor,Suburb,472816.0
2074,2,2,3,1968,No,Excellent,Suburb,167837.66
4498,3,1,1,1970,Yes,Poor,Suburb,470708.67
2629,5,1,3,1973,Yes,Excellent,Downtown,234735.17
2903,2,3,3,1975,Yes,Fair,City Center,319945.41
3829,4,2,3,1994,Yes,Poor,Countryside,402501.98
1088,2,1,3,1977,Yes,Poor,Downtown,74018.79
2512,3,3,3,1978,Yes,Excellent,Suburb,270473.25
2047,5,2,1,1966,No,Excellent,Suburb,204059.62
794,3,2,1,2017,No,Excellent,Downtown,149247.23
2485,1,3,3,1993,Yes,Excellent,Countryside,282832.09
3617,5,3,2,2010,Yes,Poor,Downtown,418776.0
2190,3,1,3,2017,Yes,Excellent,Downtown,280081.66
1636,4,2,3,1974,No,Poor,City Center,156349.74
2564,5,2,3,2016,Yes,Good,Downtown,310617.94
4955,5,2,2,1951,Yes,Poor,City Center,516883.86
1507,2,3,2,1998,Yes,Excellent,Countryside,199105.21
3014,4,1,2,2019,Yes,Excellent,Downtown,347155.32
4026,1,2,1,1975,Yes,Good,Downtown,383757.99
1747,3,3,2,2021,Yes,Poor,Suburb,233695.44
4402,2,2,1,1976,No,Good,Downtown,415846.72
1935,3,1,1,1967,Yes,Poor,Suburb,214314.53
1071,1,2,2,2003,Yes,Excellent,Suburb,97076.63
2882,1,1,2,1950,Yes,Poor,Suburb,230737.27
1745,5,1,2,2010,Yes,Excellent,Countryside,261810.43
2584,1,2,1,1952,Yes,Excellent,City Center,224044.91
777,3,2,3,2017,No,Fair,Suburb,150782.73
2387,4,1,2,1990,Yes,Fair,Downtown,258107.0
1765,4,3,2,1986,Yes,Poor,Downtown,254912.94
1540,5,1,2,2000,Yes,Excellent,Suburb,207695.29
1417,3,2,1,1964,Yes,Good,Suburb,116683.56
1385,3,2,1,1957,Yes,Excellent,Downtown,106084.47
3252,1,3,3,1987,Yes,Good,Suburb,299309.88
521,3,1,2,2005,Yes,Poor,City Center,48626.28
3691,2,1,1,1996,Yes,Poor,City Center,369412.64
2853,1,1,3,1959,Yes,Good,Countryside,229586.66
1186,2,2,2,1998,Yes,Good,Suburb,80416.31
784,5,1,1,1990,Yes,Excellent,Countryside,124461.41
4247,4,3,2,1979,Yes,Poor,Countryside,468292.21
1262,5,2,2,1954,Yes,Excellent,Countryside,131958.74
2928,4,2,1,2020,Yes,Good,Suburb,330432.72
3007,5,1,1,1980,Yes,Fair,Countryside,359192.7
528,3,3,1,2001,Yes,Fair,City Center,78739.14
1406,2,2,2,1972,Yes,Fair,Countryside,111936.32
3604,4,2,2,1997,No,Good,City Center,397307.43
4499,1,1,3,1989,Yes,Excellent,City Center,452207.34
3494,2,1,2,1955,No,Poor,Suburb,264287.68
3006,1,3,1,1987,Yes,Good,Countryside,302535.1
4109,2,1,2,1990,No,Fair,Suburb,415003.53
4053,2,3,3,1976,No,Excellent,City Center,395258.57
1953,5,2,3,2018,Yes,Poor,Downtown,234428.45
3856,4,3,1,2006,Yes,Poor,Countryside,413732.91
1015,4,3,1,1966,Yes,Good,Suburb,117669.64
538,2,3,3,2020,No,Good,Downtown,100562.98
3842,3,2,3,1996,Yes,Poor,Countryside,404172.78
1386,3,1,3,1962,Yes,Poor,Countryside,129190.42
3344,1,2,1,1960,Yes,Fair,Suburb,296757.47
2704,1,1,3,1973,Yes,Poor,Downtown,231029.84
1598,5,3,3,2022,Yes,Good,Suburb,237637.28
2323,2,3,1,1953,Yes,Excellent,Countryside,185928.53
3701,1,3,2,1995,No,Fair,Countryside,413507.41
3655,1,3,2,1967,Yes,Fair,City Center,321150.56
3593,2,3,3,1992,Yes,Poor,Countryside,384200.95
4030,5,1,2,1982,No,Excellent,Countryside,429472.73
4278,1,1,2,1959,Yes,Fair,Downtown,397203.18
3396,5,3,2,2022,No,Good,Downtown,440931.68
3953,4,2,2,2008,Yes,Poor,City Center,392824.61
4011,5,2,3,1980,Yes,Good,City Center,442748.52
1488,3,3,2,1977,Yes,Poor,City Center,151566.77
4616,3,1,2,2009,Yes,Fair,Suburb,512415.01
4526,5,2,1,1952,No,Poor,Suburb,453573.03
4679,3,2,3,2004,Yes,Excellent,City Center,505714.36
2182,4,2,1,1963,Yes,Good,Suburb,195262.9
4463,2,3,1,2007,Yes,Excellent,Countryside,469537.36
1433,3,2,3,1964,Yes,Good,City Center,196008.01
4098,3,2,2,1951,No,Good,City Center,399323.49
3733,5,2,1,1973,No,Poor,Suburb,412974.66
2480,4,2,3,2013,Yes,Fair,Downtown,293019.26
2355,2,1,2,2020,Yes,Fair,City Center,252089.31
3556,5,3,3,1973,Yes,Excellent,Suburb,401247.67
1292,5,3,1,1976,No,Poor,Suburb,110802.21
1291,4,1,2,1986,No,Fair,Downtown,125758.96
2309,2,1,2,1988,Yes,Good,City Center,225379.08
2755,4,3,3,2012,No,Good,Downtown,344239.53
4110,2,2,2,1975,No,Poor,Countryside,410969.85
2107,4,2,1,2014,Yes,Excellent,Downtown,253237.78
1484,5,3,1,1953,Yes,Poor,Downtown,160002.4
4176,5,2,1,1978,Yes,Excellent,Suburb,443420.38
3880,1,1,3,1950,Yes,Poor,Downtown,367441.86
1019,3,2,2,1999,Yes,Good,Countryside,130522.85
1090,4,2,2,1960,No,Poor,Suburb,131830.61
1550,1,2,2,2008,Yes,Fair,Countryside,163854.86
4133,3,3,1,2011,Yes,Fair,Downtown,487568.95
4944,4,1,2,1985,Yes,Poor,Countryside,522277.15
1459,2,2,1,2005,No,Excellent,Countryside,146106.92
1192,3,3,2,1970,Yes,Excellent,Downtown,171623.5
4399,5,2,1,1962,Yes,Good,Downtown,482612.17
4973,1,1,2,1958,Yes,Good,Suburb,471137.86
3446,3,2,3,1960,Yes,Excellent,Suburb,351726.02
1026,3,1,3,2019,No,Poor,City Center,112879.26
3724,5,2,1,1950,No,Good,Suburb,347060.95
2753,4,1,1,2019,No,Excellent,Downtown,344415.87
3844,2,2,2,2005,No,Excellent,Countryside,405434.61
4465,5,1,2,1980,No,Poor,Countryside,466089.45
2375,2,2,3,1986,No,Fair,Suburb,229499.65
2263,4,2,2,1996,Yes,Excellent,Suburb,263781.04
1020,3,3,1,1996,Yes,Good,Downtown,122817.57
1516,2,3,1,2018,No,Poor,Countryside,143271.18
616,1,1,1,2007,Yes,Poor,City Center,95670.42
2933,1,2,1,1985,Yes,Poor,City Center,286435.07
1083,5,1,1,1981,No,Fair,Suburb,159012.41
894,4,3,3,2013,No,Fair,City Center,99700.08
4288,5,1,3,2020,Yes,Good,Downtown,462679.74
3268,5,1,1,1991,Yes,Good,City Center,358591.3
4667,5,3,2,1997,No,Poor,Suburb,536531.17
4360,1,2,1,1979,Yes,Good,Downtown,405013.67
773,1,1,3,1970,Yes,Excellent,Countryside,21330.12
2513,5,3,1,2009,No,Fair,Downtown,314890.15
4933,1,2,3,1962,Yes,Poor,Suburb,465080.09
1889,4,3,3,1950,Yes,Poor,Suburb,192157.02
4066,5,1,1,2014,Yes,Excellent,City Center,463271.4
665,1,2,1,1982,No,Excellent,City Center,53095.1
2067,2,2,2,1987,Yes,Excellent,Countryside,238904.61
1228,5,3,3,1974,No,Excellent,Countryside,115943.52
2543,5,3,2,1975,No,Poor,Suburb,300232.21
4697,4,3,1,2008,Yes,Fair,Suburb,493983.04
3996,3,2,3,1982,Yes,Fair,Suburb,427157.93
1278,3,2,2,1990,Yes,Excellent,Countryside,171822.12
713,4,1,2,1979,Yes,Good,Suburb,68847.58
4262,4,2,2,2006,Yes,Poor,Countryside,489219.24
2076,4,1,1,1998,Yes,Fair,Suburb,228765.7
2948,3,3,1,1997,Yes,Excellent,Downtown,338896.58
3436,4,3,1,2021,No,Good,Downtown,359207.65
3617,1,2,3,1998,Yes,Good,Suburb,375235.83
1091,5,3,1,1996,No,Excellent,Downtown,156112.42
3220,5,3,3,2005,Yes,Poor,Countryside,410056.62
1213,2,2,2,2014,No,Fair,City Center,162256.88
1435,2,1,2,1961,Yes,Good,Downtown,112358.78
4837,5,2,1,2018,No,Fair,City Center,555825.68
501,1,1,2,1955,Yes,Fair,Downtown,-25396.66
3348,3,2,1,2014,Yes,Good,Countryside,413208.72
4544,3,2,3,1974,Yes,Excellent,Downtown,477153.8
2449,1,3,2,1950,No,Good,Downtown,164650.97
1417,3,2,1,1981,Yes,Good,Suburb,153652.02
3674,4,2,2,1952,No,Poor,City Center,361301.71
2741,5,1,2,1998,Yes,Fair,City Center,301421.03
589,5,3,1,1968,Yes,Excellent,Countryside,77513.4
2209,1,1,2,2009,Yes,Fair,Countryside,215696.43
2669,3,1,2,1978,Yes,Good,City Center,241403.07
4738,2,3,2,1999,Yes,Excellent,Suburb,491015.73
3541,2,3,2,1951,Yes,Excellent,Suburb,335608.23
605,3,3,3,2022,Yes,Excellent,City Center,129788.25
1386,2,2,2,2005,No,Excellent,Downtown,153940.43
927,1,3,2,1966,Yes,Poor,City Center,87099.74
2395,1,3,1,2009,Yes,Excellent,Downtown,275289.38
816,3,3,3,1985,Yes,Good,City Center,75214.09
1134,2,1,1,2010,Yes,Poor,Downtown,146449.02
2425,1,1,1,1966,No,Good,Suburb,218775.56
2556,1,2,1,1998,Yes,Good,City Center,297709.49
3644,4,1,3,2009,Yes,Fair,Countryside,418982.62
2770,4,2,1,1969,No,Excellent,Downtown,254188.95
1939,1,1,1,1999,Yes,Excellent,Suburb,184336.09
1052,3,3,1,1952,Yes,Good,Countryside,50142.48
1215,5,1,2,1992,Yes,Excellent,Suburb,164167.01
4411,5,2,1,2006,No,Poor,Downtown,527731.49
2213,1,1,3,1999,No,Fair,City Center,168774.46
3889,1,3,3,2017,No,Excellent,Suburb,450891.32
1607,1,2,2,1999,No,Excellent,City Center,169217.7
4706,3,3,3,1986,No,Poor,City Center,468459.97
750,4,3,3,1995,Yes,Fair,Suburb,114268.13
2930,1,2,2,1991,No,Poor,Suburb,266451.19
2554,1,3,1,1964,No,Good,Suburb,235476.17
958,2,3,2,1982,Yes,Good,City Center,98793.35
707,3,1,1,1960,No,Excellent,Countryside,49298.74
1399,1,3,1,1969,Yes,Fair,Downtown,101502.27
3961,2,3,3,1973,Yes,Good,Countryside,381905.19
3885,5,3,2,2013,Yes,Poor,City Center,469591.76
521,1,3,3,2014,Yes,Good,Suburb,64528.06
909,1,2,3,2022,Yes,Good,Suburb,120467.05
1394,2,1,1,1966,Yes,Poor,Downtown,125426.5
1014,3,3,3,2010,Yes,Excellent,Downtown,136838.37
4609,1,3,2,1964,No,Fair,Countryside,461117.6
2634,5,2,3,2000,Yes,Excellent,Countryside,309184.42
4095,1,3,3,1976,No,Poor,Downtown,392841.41
3456,5,2,1,2010,No,Good,City Center,387800.44
2060,4,1,2,2007,Yes,Fair,Countryside,266661.67
1766,4,1,3,1980,Yes,Excellent,Suburb,174481.24
2669,5,3,1,1961,Yes,Poor,Suburb,307584.83
4138,3,3,3,1995,Yes,Good,City Center,450837.53
1249,1,3,2,1980,Yes,Good,Downtown,169096.11
3927,1,2,3,1981,Yes,Excellent,Countryside,373665.65
2427,4,3,3,1981,No,Poor,Suburb,286110.26
4304,5,3,1,2002,No,Good,Downtown,494852.49
4202,1,1,3,2010,No,Good,Countryside,421882.31
2856,1,3,1,1995,Yes,Fair,City Center,306200.75
2835,3,1,2,1956,Yes,Good,Suburb,274066.48
806,2,3,3,1953,Yes,Excellent,City Center,46254.82
4165,4,1,2,2001,No,Poor,City Center,457917.73
2489,4,3,2,1980,Yes,Poor,City Center,296251.64
1161,2,1,3,1985,Yes,Fair,Countryside,121630.88
811,1,2,1,2003,Yes,Poor,City Center,80024.11
3420,3,1,2,2003,No,Excellent,Countryside,355222.06
1582,3,1,2,1966,Yes,Good,Countryside,143953.61
3471,4,1,3,1979,Yes,Fair,City Center,385226.47
1254,3,3,3,1971,No,Poor,City Center,104892.66
4630,2,3,3,1992,No,Fair,Downtown,486017.96
852,1,3,3,1976,Yes,Fair,Suburb,39375.14
1402,2,2,3,1986,Yes,Poor,Downtown,154081.82
4388,5,2,3,1995,Yes,Fair,Suburb,503322.11
658,4,1,1,1984,Yes,Poor,Suburb,119224.86
2477,3,2,2,1953,Yes,Excellent,Downtown,248254.52
1456,5,1,1,1975,No,Poor,Downtown,146719.24
2571,3,1,1,1968,Yes,Good,Suburb,218724.57
903,1,1,3,1994,No,Poor,Suburb,87153.55
3279,1,2,2,1975,No,Good,Suburb,300686.42
1887,1,3,1,1971,Yes,Fair,Countryside,178751.78
3953,3,2,3,2007,Yes,Poor,Suburb,421145.13
1455,5,1,3,2012,Yes,Good,City Center,195176.49
2212,1,1,2,1977,Yes,Poor,City Center,167494.86
1773,5,2,1,2014,Yes,Poor,City Center,217421.21
4311,3,1,1,1993,Yes,Poor,Downtown,429622.17
3125,5,1,1,1992,Yes,Excellent,Downtown,367848.44
2882,3,2,3,1986,Yes,Good,Downtown,287855.86
1941,3,2,2,2015,No,Excellent,Suburb,257182.0
3479,4,2,2,1966,No,Excellent,City Center,332451.12
2297,3,1,1,1989,Yes,Good,Suburb,284155.21
4890,3,1,3,1987,No,Poor,Countryside,460938.52
4509,2,3,1,2010,Yes,Excellent,Countryside,499217.05
1894,1,3,2,1958,Yes,Excellent,Downtown,160561.61
4781,4,2,3,2010,Yes,Excellent,Countryside,509476.2
1769,4,3,1,1965,Yes,Poor,City Center,172915.31
4214,4,1,1,1951,Yes,Excellent,Countryside,406165.92
1029,2,3,3,2021,No,Fair,Downtown,141824.29
4123,3,1,2,1992,No,Good,Suburb,407304.26
3458,1,2,3,1991,No,Fair,Countryside,350146.65
3414,5,2,1,2006,Yes,Poor,City Center,401509.51
4091,3,1,1,2016,Yes,Excellent,City Center,469325.23
2647,2,3,1,1979,Yes,Good,City Center,250985.18
3869,3,2,1,1962,Yes,Excellent,Suburb,373723.14
1439,3,2,2,1968,No,Poor,City Center,159837.25
1025,2,3,2,1956,Yes,Good,Downtown,60296.02
501,4,3,1,1958,Yes,Fair,Downtown,18676.13
874,4,1,2,2003,Yes,Good,City Center,107267.99
2840,1,3,2,2010,Yes,Excellent,Countryside,273562.64
4505,1,3,2,1951,Yes,Good,City Center,454777.5
3552,4,3,1,1999,Yes,Poor,Downtown,395652.46
2865,5,1,3,1980,Yes,Poor,Downtown,306190.66
2025,3,1,3,1982,No,Good,Downtown,215112.97
4976,5,2,3,1960,No,Poor,Countryside,492248.79
2146,3,1,1,1982,Yes,Poor,Countryside,215388.15
513,4,2,2,1956,No,Poor,Countryside,18720.94
2778,1,3,2,1980,No,Fair,Downtown,230604.58
3655,1,2,1,1997,Yes,Excellent,Suburb,375915.99
629,5,2,1,1996,Yes,Poor,City Center,123204.46
4314,1,3,3,2002,Yes,Good,City Center,454262.01
3716,4,2,3,1968,Yes,Poor,Downtown,400570.24
3438,5,1,1,1955,Yes,Fair,Countryside,323667.49
4428,3,1,3,1998,Yes,Good,Suburb,455319.73
2540,1,1,2,2022,No,Excellent,Suburb,247342.0
527,2,1,1,1999,Yes,Good,Countryside,67530.81
2613,1,2,1,1961,Yes,Good,City Center,225383.5
1752,3,2,2,1972,No,Good,City Center,160084.4
4856,5,3,2,2003,No,Good,Suburb,555798.17
2546,3,2,2,2018,Yes,Poor,Suburb,292385.35
4523,2,2,3,2008,No,Excellent,Countryside,499764.29
4896,4,2,1,1985,No,Poor,City Center,518245.43
3874,1,3,3,1952,No,Fair,Suburb,343101.07
3966,5,1,2,2007,No,Fair,City Center,413853.76
3581,4,2,3,2004,Yes,Good,Suburb,417555.74
4278,3,3,2,2006,Yes,Poor,Countryside,478632.38
1129,5,3,3,1966,No,Poor,City Center,128734.1
769,4,3,3,1988,No,Excellent,Suburb,104347.57
3139,5,1,2,2017,Yes,Excellent,Suburb,366250.76
2493,2,2,3,2004,Yes,Excellent,Suburb,269366.71
3391,2,3,1,1994,No,Poor,Suburb,343578.56
3932,1,1,3,1950,Yes,Excellent,Countryside,376390.36
1780,1,3,3,1970,Yes,Excellent,City Center,154562.84
2860,2,3,1,1970,Yes,Excellent,City Center,268753.74
1075,5,3,2,2001,Yes,Good,Downtown,184934.35
1807,2,3,1,1992,No,Fair,City Center,212041.5
3692,1,3,3,2001,No,Fair,Downtown,385433.61
3678,2,1,2,2016,Yes,Poor,Suburb,398668.91
3234,2,2,3,1993,No,Poor,Countryside,323011.82
2712,5,2,3,1981,No,Good,Countryside,294037.91
2852,4,2,1,1959,Yes,Fair,Suburb,266821.55
4068,1,2,1,2013,No,Excellent,Downtown,436043.42
2155,5,1,2,2018,Yes,Excellent,Suburb,309682.42
2079,2,1,2,2017,No,Poor,Countryside,242068.49
2703,2,1,2,1977,No,Fair,Countryside,232927.05
1890,4,3,3,2002,Yes,Poor,City Center,242480.28
2242,1,3,1,2000,Yes,Poor,Downtown,241470.71
2425,1,3,1,2002,Yes,Excellent,City Center,267326.58
1119,3,2,1,1953,No,Excellent,Countryside,66692.9
1774,1,3,2,1966,Yes,Fair,Countryside,155515.32
1456,4,2,1,2016,Yes,Poor,City Center,215405.24
2439,3,3,1,1996,Yes,Good,City Center,252440.57
4453,3,2,1,2005,No,Fair,Countryside,468989.19
2881,2,3,2,1972,Yes,Poor,City Center,279541.23
1468,2,3,1,1967,Yes,Fair,City Center,154944.75
1816,1,1,2,1950,Yes,Fair,Downtown,156717.68
1543,3,3,1,1984,Yes,Fair,Countryside,131388.18
781,2,3,1,2013,Yes,Good,Suburb,130272.62
3344,4,1,1,2007,Yes,Good,Downtown,401494.94
1558,2,2,2,2008,Yes,Excellent,Suburb,202527.26
4793,2,1,2,1950,Yes,Excellent,City Center,439346.63
3032,3,1,1,1952,Yes,Poor,City Center,276231.96
4328,3,2,3,2016,Yes,Fair,Suburb,451767.53
1508,5,3,2,1986,No,Poor,City Center,139192.17
1729,4,2,2,1978,Yes,Excellent,City Center,180589.83
1535,3,3,1,1982,Yes,Good,Downtown,168397.44
775,1,3,3,2010,No,Excellent,Suburb,93240.76
3240,4,2,1,1953,No,Poor,Downtown,327642.68
2789,4,1,2,1963,Yes,Excellent,Suburb,338059.22
1739,3,2,2,1982,Yes,Poor,Downtown,174928.76
625,4,3,1,1971,Yes,Poor,Countryside,51167.15
4565,3,2,1,1997,Yes,Poor,Countryside,499413.06
4812,2,2,3,1952,No,Poor,Suburb,456338.09
4368,5,3,3,1972,Yes,Excellent,Countryside,456739.35
1708,2,1,2,2017,Yes,Poor,Downtown,217877.4
3749,3,2,3,1970,No,Poor,Suburb,354329.62
1418,3,3,3,1992,Yes,Fair,Countryside,162263.79
4423,2,3,2,1975,Yes,Poor,Countryside,445467.93
4903,1,2,2,1990,Yes,Excellent,Suburb,477297.94
2469,1,1,2,1987,Yes,Poor,Countryside,203731.8
3293,1,2,2,1960,Yes,Good,Countryside,305049.71
1391,3,1,1,1978,Yes,Good,Suburb,165432.6
4970,4,1,2,2009,Yes,Poor,Countryside,566360.89
2533,3,1,2,2016,Yes,Good,Countryside,314064.01
1864,4,1,2,2014,Yes,Good,Countryside,216725.29
628,2,2,3,2010,Yes,Excellent,Countryside,90868.46
1514,5,3,2,1968,Yes,Fair,City Center,142225.11
2299,4,3,1,1995,No,Good,Suburb,264820.44
2018,1,3,1,1998,Yes,Good,City Center,240318.2
4681,3,3,2,1971,No,Fair,City Center,500817.21
1698,2,3,1,2006,No,Fair,Downtown,231240.88
4373,1,3,3,1963,Yes,Good,City Center,439527.56
2974,2,2,2,1993,No,Poor,City Center,313377.93
3985,5,1,1,1965,No,Good,Downtown,422334.36
4549,3,3,1,1961,No,Poor,Countryside,462456.32
4219,3,2,2,2004,Yes,Poor,Countryside,443760.69
802,5,3,1,2000,Yes,Poor,City Center,99175.61
4452,3,3,2,1988,Yes,Fair,Downtown,490523.98
1486,4,1,1,1982,Yes,Good,Countryside,203695.59
2363,2,1,3,1982,Yes,Good,Downtown,250503.69
4940,1,1,1,1978,No,Excellent,Suburb,438283.01
3572,5,3,1,2018,Yes,Fair,Suburb,421978.61
3624,4,3,2,2019,Yes,Excellent,Suburb,424778.76
1827,1,3,1,1980,Yes,Excellent,Suburb,137778.13
2908,1,1,2,1980,Yes,Poor,City Center,248537.19
4173,5,2,3,1995,Yes,Fair,Suburb,465433.37
3791,4,3,2,2001,Yes,Excellent,Suburb,433120.53
4533,1,3,2,1959,No,Good,Downtown,405479.02
1203,1,3,1,1990,Yes,Excellent,Countryside,92264.52
1074,4,2,3,1952,No,Fair,Downtown,111322.34
3732,3,3,2,2008,Yes,Good,City Center,411169.37
3132,1,2,1,2001,No,Good,Suburb,313324.32
4328,2,3,1,1983,Yes,Good,Countryside,434182.55
3730,4,2,2,1998,No,Poor,Countryside,391190.75
988,1,3,1,1977,Yes,Good,Suburb,111667.16
1847,5,1,2,1962,No,Poor,Suburb,164359.98
4181,2,1,2,2018,Yes,Poor,City Center,458591.31
3673,1,1,2,2016,No,Excellent,City Center,383926.14
2167,2,1,3,2010,Yes,Excellent,Suburb,200903.04
2137,2,3,2,2009,Yes,Good,Suburb,250600.08
4614,3,1,1,2020,Yes,Fair,Suburb,480650.43
4053,2,2,3,1973,Yes,Good,Suburb,414542.6
1500,3,1,1,2012,Yes,Excellent,Countryside,159540.14
1350,4,1,3,2010,Yes,Good,City Center,186281.99
1888,3,1,3,1972,Yes,Excellent,Suburb,174582.46
4212,5,3,3,1979,No,Good,Suburb,438699.36
1867,1,1,3,2009,No,Fair,Countryside,195224.15
1321,4,2,1,1967,Yes,Good,Downtown,105421.92
954,4,1,2,2005,Yes,Fair,Suburb,128730.33
2124,5,1,1,2002,Yes,Fair,Countryside,273089.15
3272,3,1,2,1956,Yes,Good,Countryside,330363.04
4226,1,2,1,2018,Yes,Fair,Downtown,445373.08
3647,3,1,3,2021,Yes,Fair,City Center,406745.02
4589,2,2,3,2001,Yes,Excellent,City Center,455120.61
2690,3,2,2,1953,Yes,Excellent,City Center,236640.52
1416,4,1,2,1983,Yes,Fair,Suburb,124427.22
4486,1,2,1,2018,Yes,Poor,City Center,490167.03
3375,3,3,2,1982,No,Good,Suburb,365947.39
1940,1,1,1,2018,No,Fair,Suburb,198436.07
4900,1,1,2,1987,No,Good,Countryside,459779.02
1235,2,2,2,1975,No,Excellent,City Center,113178.21
4068,2,2,2,1950,No,Good,City Center,356016.77
3838,4,1,3,1953,Yes,Fair,City Center,388160.36
3515,5,3,3,1988,No,Fair,Suburb,428211.05
3389,1,2,1,2003,Yes,Fair,Suburb,335855.23
1461,5,2,2,1982,Yes,Fair,City Center,159423.97
3489,4,3,1,1982,No,Poor,Suburb,341637.04
4348,1,3,2,2021,No,Poor,Suburb,471095.05
1526,1,1,3,1969,No,Poor,Downtown,117504.94
4365,5,3,3,1965,Yes,Fair,Downtown,455510.05
3363,3,1,2,1970,Yes,Poor,City Center,333192.84
3001,2,3,2,1994,No,Good,City Center,291766.28
2447,3,2,3,2011,Yes,Fair,Downtown,251399.3
1677,5,1,3,1980,Yes,Excellent,Suburb,174290.75
511,2,1,1,1991,Yes,Fair,Suburb,12243.67
4899,3,1,3,1961,Yes,Good,Countryside,464150.25
3864,2,3,2,2014,No,Poor,City Center,427590.12
3522,1,2,1,2022,Yes,Fair,City Center,387415.66
3871,3,1,2,1952,Yes,Poor,City Center,331639.84
3330,2,1,1,1958,Yes,Fair,Countryside,328462.93
542,2,1,2,2000,No,Good,Countryside,51850.92
1443,2,1,3,1965,Yes,Fair,Suburb,94419.79
2890,3,2,2,1952,Yes,Poor,Downtown,263936.82
3045,4,3,1,1973,Yes,Poor,Downtown,311504.75
2911,3,2,2,2022,Yes,Good,Downtown,326028.9
1504,5,1,1,1962,Yes,Fair,Suburb,169931.7
520,3,2,2,1951,Yes,Excellent,Downtown,4353.24
906,2,1,3,2020,Yes,Fair,Countryside,123871.08
1514,1,3,3,1970,No,Good,Countryside,98881.94
4931,3,3,2,1968,No,Excellent,City Center,494393.95
2338,3,3,2,1996,Yes,Good,Downtown,268761.57
3688,2,1,2,1971,Yes,Fair,Countryside,362641.5
1214,1,2,1,1982,No,Excellent,City Center,103470.74
4646,1,3,2,1981,Yes,Good,Downtown,461040.56
4354,5,1,2,2013,Yes,Poor,Downtown,476508.05
4919,3,1,1,1988,Yes,Excellent,Countryside,489846.69
640,1,2,3,2021,Yes,Excellent,City Center,94797.79
1463,1,3,2,1991,No,Good,City Center,116235.0
872,4,1,2,1958,Yes,Poor,Countryside,44867.25
4135,4,2,3,1974,Yes,Excellent,Countryside,459862.14
3041,1,3,3,1951,Yes,Good,Countryside,265559.27
4110,5,2,1,1968,No,Excellent,Downtown,438395.89
2192,1,2,2,1969,Yes,Excellent,Countryside,213907.42
605,2,1,2,2019,No,Excellent,Countryside,82244.15
2181,3,1,1,1966,Yes,Poor,Suburb,199770.82
4597,5,1,3,2017,No,Fair,Countryside,512585.72
4516,2,2,1,1952,Yes,Fair,Countryside,460611.54
3136,5,1,3,2000,No,Poor,Downtown,341347.79
2637,2,2,1,1975,Yes,Poor,City Center,261732.6
3916,3,2,3,2005,Yes,Good,Downtown,443289.93
4945,3,1,1,2013,Yes,Excellent,Suburb,543585.91
4030,4,3,3,1957,Yes,Poor,Countryside,430155.62
1786,2,3,3,1986,No,Good,Countryside,171950.0
3679,4,3,3,1976,No,Fair,Countryside,397836.13
4154,2,2,3,1994,Yes,Fair,Countryside,397328.63
2859,4,2,3,1953,Yes,Fair,Countryside,305974.01
944,3,2,2,1986,Yes,Fair,Countryside,127549.29
535,5,1,3,2020,No,Good,Suburb,98933.9
1975,4,2,2,1982,Yes,Excellent,Countryside,225896.92
4457,2,1,3,1980,Yes,Good,Countryside,463204.34
2298,2,1,2,2004,Yes,Excellent,Countryside,226584.23
2345,3,3,2,1961,Yes,Fair,Suburb,226282.52
1908,2,3,1,1960,Yes,Poor,Countryside,147114.49
2208,1,3,3,2021,Yes,Poor,Suburb,277851.51
3438,5,1,1,1981,Yes,Poor,Downtown,388038.54
1800,4,1,1,2006,No,Excellent,Countryside,205503.18
1743,5,1,3,1987,Yes,Fair,City Center,195321.69
4476,3,2,1,2009,Yes,Good,Suburb,488357.97
3597,4,1,3,1968,No,Poor,Downtown,339990.64
509,4,3,1,2005,No,Excellent,Suburb,83867.68
2925,1,3,3,1963,No,Poor,Suburb,243068.9
2160,3,1,3,1982,No,Good,Downtown,232113.21
3131,2,1,3,1959,No,Fair,Countryside,303748.43
1572,1,3,2,2013,No,Good,Countryside,193577.21
3725,1,1,1,2013,No,Fair,Suburb,362216.03
1816,5,3,2,2011,Yes,Fair,Downtown,240598.68
4645,5,2,1,2017,Yes,Fair,Countryside,548412.6
4183,5,3,1,1992,Yes,Poor,Suburb,484578.49
3773,1,2,1,2008,Yes,Good,City Center,361259.32
645,2,1,2,2001,Yes,Poor,Downtown,89145.23
3540,4,1,1,1968,No,Good,City Center,327208.22
1962,5,2,2,1970,No,Excellent,City Center,203703.87
2084,2,1,3,1971,Yes,Excellent,Suburb,217480.08
982,3,2,1,1958,No,Good,Downtown,96435.83
3679,5,1,1,1958,Yes,Good,Countryside,399891.73
1749,4,3,3,2022,Yes,Good,Countryside,217551.63
1130,3,1,3,1976,No,Good,Suburb,85829.77
1161,3,3,1,1966,No,Fair,Countryside,94147.77
4003,4,3,3,1993,No,Poor,Countryside,431762.3
3352,5,2,2,1994,Yes,Fair,City Center,385072.62
2966,1,1,2,1957,No,Poor,City Center,277585.28
1487,4,2,1,1967,Yes,Poor,Downtown,133359.23
2046,4,1,2,1982,No,Poor,City Center,199845.13
1149,4,3,2,1950,Yes,Fair,Countryside,133642.47
1468,3,3,1,1955,No,Good,Downtown,102796.45
3137,2,1,3,1990,No,Fair,Downtown,327163.84
1600,1,1,1,2004,Yes,Fair,Suburb,163780.08
940,5,2,2,1954,Yes,Poor,City Center,100436.38
1269,5,1,1,2008,Yes,Excellent,Downtown,159283.7
1843,2,1,1,1967,Yes,Excellent,Countryside,177688.05
4858,4,1,2,1998,Yes,Fair,Downtown,511539.97
4229,1,2,2,2014,Yes,Poor,Downtown,422542.25
4406,5,1,1,2003,Yes,Fair,Suburb,502738.69
2077,5,3,2,2010,No,Fair,Countryside,213548.63
4508,4,2,2,1957,No,Good,Countryside,434268.13
3851,2,2,2,1952,Yes,Poor,City Center,365881.34
2849,1,3,2,1974,No,Excellent,Countryside,282162.84
4102,2,3,2,2018,No,Excellent,Downtown,474403.22
1741,2,3,2,2004,Yes,Excellent,Countryside,235605.17
1625,1,1,3,1989,No,Fair,Countryside,175559.14
3101,1,3,1,1999,Yes,Poor,Downtown,328755.3
1690,5,1,2,1982,Yes,Good,Suburb,215321.5
4631,5,2,1,1967,No,Excellent,City Center,481800.44
4948,1,2,3,2006,No,Poor,City Center,523598.36
572,3,3,2,1965,No,Excellent,Suburb,31840.78
2414,5,1,1,1987,No,Good,Downtown,274510.9
2972,3,3,2,1990,No,Poor,City Center,306192.33
3546,1,3,2,1956,Yes,Fair,Suburb,324219.77
1207,5,1,2,2002,No,Fair,Suburb,165439.27
2304,2,3,2,2012,Yes,Excellent,Suburb,307783.95
4213,1,2,2,1981,Yes,Excellent,City Center,424184.11
3064,4,3,2,1987,No,Poor,City Center,331884.9
2975,3,1,2,1971,No,Good,City Center,270330.27
4110,1,1,3,1965,No,Excellent,City Center,395619.63
4755,1,2,3,2001,Yes,Poor,Countryside,485321.84
3323,5,1,2,1978,Yes,Good,Suburb,364239.13
2235,5,1,2,1965,Yes,Excellent,Countryside,245898.86
2085,5,2,3,1966,No,Excellent,Suburb,240715.35
566,4,3,3,2013,No,Poor,City Center,118058.08
3561,5,2,3,1962,No,Excellent,City Center,338764.18
2928,1,3,2,2021,No,Fair,Countryside,287788.08
4653,5,2,1,2005,Yes,Good,Downtown,539570.22
841,2,3,1,1954,No,Good,City Center,52213.28
3274,5,2,1,1961,Yes,Fair,Downtown,347546.03
3317,4,3,1,1990,No,Poor,Suburb,395534.16
3161,2,2,2,1952,Yes,Fair,Countryside,276763.32
1732,1,3,1,1982,Yes,Fair,Downtown,192956.84
4374,1,2,3,1999,No,Good,Downtown,431713.59
2901,3,1,3,2005,No,Poor,City Center,344660.59
1994,2,3,1,1958,Yes,Excellent,Downtown,195084.59
4711,3,2,3,1999,No,Fair,Downtown,468363.27
1161,2,3,2,1978,No,Fair,Suburb,99058.22
4383,2,3,1,1988,No,Poor,Countryside,487085.82
4119,4,2,1,1994,Yes,Fair,City Center,485425.05
2368,3,3,2,1966,Yes,Poor,City Center,248622.91
2834,4,2,3,2005,Yes,Excellent,Downtown,335549.25
3874,2,1,2,1995,Yes,Poor,Suburb,405218.72
1516,1,3,2,2016,Yes,Excellent,Downtown,187654.55
4906,2,1,3,2018,No,Poor,Downtown,519744.72
707,4,3,2,1963,Yes,Fair,City Center,96932.26
3165,3,3,3,2016,Yes,Excellent,Downtown,380063.46
2993,3,3,3,1972,Yes,Fair,Downtown,287509.91
1132,4,2,2,2010,Yes,Excellent,Suburb,171521.11
2602,3,1,3,1972,Yes,Poor,City Center,259904.05
3459,5,3,2,1976,Yes,Poor,Countryside,372493.85
3583,1,2,3,2003,Yes,Poor,Suburb,411466.48
2431,1,3,1,1959,Yes,Good,Suburb,218093.17
4219,1,2,3,1965,Yes,Good,Suburb,361768.98
3062,3,3,3,1990,Yes,Excellent,City Center,327086.61
2179,3,1,2,2004,Yes,Good,Downtown,264970.43
736,2,1,3,2010,Yes,Poor,Countryside,74164.9
4943,2,3,1,1998,No,Good,City Center,535556.13
2040,1,2,1,2022,Yes,Good,Downtown,213851.34
4443,5,3,3,2001,Yes,Fair,Suburb,531676.67
863,2,2,3,1951,Yes,Excellent,City Center,40304.45
2868,2,3,1,1999,Yes,Excellent,Downtown,303925.48
785,3,2,2,1992,No,Excellent,Countryside,79215.34
648,5,1,1,1957,Yes,Good,Countryside,72593.03
4537,1,3,1,2008,Yes,Poor,Downtown,518493.08
2266,2,1,3,2014,Yes,Fair,City Center,254344.9
1512,5,1,3,1961,Yes,Excellent,Suburb,153284.53
3331,5,3,1,1953,Yes,Good,Downtown,331113.47
3007,1,3,2,1990,Yes,Poor,Suburb,273709.92
2023,5,2,1,1956,No,Fair,Countryside,189586.28
3285,5,2,1,2018,No,Fair,Downtown,365667.89
3056,5,1,2,2018,Yes,Excellent,Countryside,331549.97
4225,2,2,1,1979,No,Excellent,Suburb,416982.92
2101,1,2,1,2022,Yes,Poor,Suburb,229226.8
2908,5,3,3,1955,Yes,Good,Downtown,328606.58
840,5,2,2,1968,No,Poor,Downtown,72278.3
3317,2,1,3,2015,Yes,Excellent,Downtown,376546.35
2996,1,2,3,1959,No,Poor,Countryside,275142.0
2225,3,1,2,1965,Yes,Good,Suburb,237574.22
2189,2,3,2,1986,No,Fair,Suburb,217444.6
3767,1,1,1,1981,Yes,Fair,Countryside,391800.39
4906,5,2,3,1996,No,Fair,Downtown,546779.67
761,1,3,2,2021,Yes,Fair,City Center,129051.23
1942,1,2,3,1992,Yes,Excellent,Downtown,241609.38
905,1,3,3,1985,Yes,Excellent,City Center,82610.84
2690,3,3,2,1975,No,Good,City Center,275070.97
4937,1,2,1,1959,Yes,Good,Countryside,461512.63
743,3,2,3,1980,Yes,Good,Suburb,109260.51
4607,5,3,2,1978,Yes,Good,Suburb,550902.94
1060,3,3,1,1954,No,Poor,Suburb,97699.69
4637,5,2,3,1950,Yes,Good,Suburb,436693.63
3225,5,1,2,1952,Yes,Fair,Countryside,303015.01
1093,3,2,3,2016,Yes,Fair,City Center,173602.09
2326,2,3,2,2020,Yes,Fair,Suburb,253331.84
3729,4,2,2,1984,Yes,Poor,City Center,387500.76
3787,1,1,3,1964,Yes,Good,Countryside,337764.3
4573,4,2,3,2016,Yes,Fair,Downtown,516770.12
633,1,3,2,1979,Yes,Fair,Countryside,56235.5
3638,1,2,1,1992,Yes,Fair,Suburb,330363.83
4419,5,3,3,2009,Yes,Fair,Downtown,479926.13
572,1,3,2,1989,Yes,Excellent,Countryside,24756.25
4994,1,2,2,2014,No,Good,Countryside,494930.6
4725,3,3,1,1978,No,Good,City Center,484265.81
3478,4,3,1,1968,Yes,Poor,Countryside,366588.71
4861,3,1,1,1952,Yes,Excellent,Downtown,489196.36
2485,1,1,3,1985,Yes,Poor,Countryside,248670.02
1292,5,1,2,1992,Yes,Fair,Suburb,150231.43
4759,3,1,2,1964,Yes,Poor,City Center,475040.99
594,3,3,2,1990,Yes,Fair,Downtown,99174.88
1633,2,2,1,1985,Yes,Fair,Downtown,160399.28
737,1,3,2,1982,Yes,Good,Countryside,58588.87
3446,5,3,3,1954,Yes,Good,Suburb,336506.95
3030,3,3,1,1963,No,Good,City Center,278525.79
2460,3,2,1,2017,Yes,Good,Downtown,305711.77
1548,5,1,1,1996,Yes,Good,City Center,192128.57
3029,1,3,1,2003,Yes,Excellent,Countryside,360687.28
3464,2,3,3,1953,Yes,Good,Suburb,312723.17
1463,3,1,2,1958,Yes,Poor,Countryside,140690.64
1036,2,3,3,2002,No,Fair,City Center,126276.27
4723,4,2,2,2009,Yes,Good,Countryside,524952.49
4179,1,3,3,1995,Yes,Excellent,City Center,423081.91
4687,4,3,1,2003,No,Poor,Downtown,527039.57
4224,4,1,1,1986,Yes,Poor,Downtown,458273.48
1042,4,3,3,1972,Yes,Fair,Countryside,120204.93
1345,1,3,3,1976,No,Poor,Downtown,122840.08
4103,1,2,2,2019,Yes,Poor,City Center,443705.42
3536,5,1,3,2015,No,Poor,Downtown,375838.59
2994,2,1,3,2010,No,Poor,Suburb,319607.33
4985,2,2,2,2000,Yes,Excellent,Suburb,519314.53
3219,5,3,2,1999,Yes,Fair,Countryside,415985.0
2384,5,1,2,1968,Yes,Good,Countryside,262851.73
4638,4,1,3,1950,Yes,Poor,Countryside,458028.28
4849,5,3,2,1989,Yes,Excellent,Countryside,543955.13
3701,3,3,1,1981,Yes,Fair,City Center,368169.37
3210,2,1,1,1971,Yes,Good,City Center,295939.15
2453,5,3,1,2015,Yes,Fair,Suburb,307584.59
4350,3,1,3,1989,No,Excellent,City Center,454147.0
1189,3,3,1,1987,No,Excellent,Downtown,120588.43
2450,3,3,3,1997,No,Excellent,Suburb,258943.06
956,3,2,3,2004,Yes,Poor,Countryside,102963.16
2630,4,3,1,2004,Yes,Excellent,Countryside,311986.47
4476,3,2,2,2000,No,Good,City Center,478648.43
4744,4,3,3,2009,Yes,Poor,Suburb,542470.2
1679,4,1,1,1957,Yes,Fair,City Center,142757.51
4785,3,1,3,2017,No,Good,City Center,526531.93
4065,2,3,2,2021,Yes,Poor,City Center,435262.06
1382,3,3,2,1958,Yes,Excellent,Suburb,122751.41
899,3,1,1,1951,No,Fair,Countryside,59489.68
1108,3,3,3,2019,No,Excellent,Downtown,147778.73
2138,2,2,3,2008,No,Good,Countryside,201647.1
2648,1,2,3,1968,No,Good,Suburb,206482.62
1882,1,2,3,1977,Yes,Poor,Countryside,176973.4
1903,4,2,1,2021,No,Good,Countryside,253308.29
1319,4,2,2,1963,Yes,Fair,Downtown,137439.74
3792,2,3,1,1973,No,Poor,Countryside,385065.53
1319,5,3,3,1993,Yes,Fair,Countryside,170042.56
919,1,2,3,2005,No,Excellent,Countryside,109283.99
4719,4,3,2,2000,Yes,Fair,City Center,529049.8
3802,1,3,3,1981,Yes,Fair,Suburb,366230.01
2008,2,2,1,1999,Yes,Good,Suburb,227803.13
1267,2,3,1,1990,No,Excellent,Downtown,136226.44
2544,5,3,2,2015,No,Good,City Center,350089.2
2639,5,3,1,1974,No,Excellent,City Center,312996.06
3529,2,2,1,2010,Yes,Excellent,Countryside,383096.21
2049,4,3,1,2015,Yes,Fair,Suburb,254377.11
2264,1,1,1,1991,Yes,Good,Downtown,252024.76
3145,3,1,3,2014,Yes,Fair,City Center,365480.34
4216,5,2,1,1985,Yes,Fair,Countryside,457114.28
4981,3,1,2,1958,Yes,Fair,Downtown,447492.92
2793,4,2,2,1985,Yes,Excellent,City Center,289137.9
3208,5,1,1,1987,Yes,Good,Downtown,337428.27
1400,3,1,2,1982,Yes,Good,City Center,140056.29
3584,4,1,1,1991,Yes,Fair,Downtown,398969.16
2509,1,2,2,2010,Yes,Excellent,City Center,285464.79
741,4,2,2,1995,Yes,Good,City Center,133209.34
2885,5,3,1,2010,No,Poor,Downtown,365337.6
4768,2,2,1,1967,No,Good,City Center,436358.68
1171,1,1,3,2019,No,Fair,City Center,150032.4
663,3,1,1,1964,Yes,Poor,City Center,83853.16
964,5,2,1,1997,No,Excellent,Downtown,164819.36
3542,2,2,3,2021,No,Poor,Downtown,366022.0
2942,4,2,1,1962,No,Poor,City Center,285749.95
2855,2,3,1,1992,Yes,Fair,City Center,321843.79
4778,5,1,3,2009,Yes,Good,Downtown,514229.63
3057,5,3,1,2006,No,Excellent,Countryside,325900.84
1045,2,3,1,2020,Yes,Poor,City Center,150752.81
4335,4,1,3,1966,Yes,Fair,Countryside,425324.04
1093,2,1,3,1999,Yes,Good,Downtown,85781.27
4304,5,2,2,1981,No,Poor,City Center,483238.06
1959,5,2,1,1971,Yes,Fair,Countryside,217760.87
3993,3,3,2,2004,Yes,Fair,Downtown,431248.81
3101,3,2,2,2006,Yes,Fair,Countryside,327650.66
2944,1,2,3,1962,Yes,Excellent,Suburb,270268.9
3172,5,1,1,1996,Yes,Good,Downtown,369534.73
4700,3,1,1,2011,Yes,Poor,Suburb,517893.18
516,2,2,3,2003,Yes,Good,Downtown,37690.09
3691,4,1,2,1978,No,Good,Downtown,387140.32
892,2,2,3,1971,Yes,Poor,City Center,88627.31
924,4,1,1,2014,Yes,Good,Suburb,129161.29
1071,3,1,3,1978,No,Excellent,Suburb,118939.89
4131,1,1,1,1997,Yes,Poor,Suburb,401817.01
1620,2,1,2,1954,No,Poor,Downtown,146421.64
741,2,2,1,1984,No,Fair,Suburb,67854.94
4397,2,3,2,2020,Yes,Good,Suburb,479288.91
4595,4,1,2,1995,No,Poor,City Center,481206.77
2779,3,2,1,1984,Yes,Poor,Countryside,311793.74
1288,2,2,1,1994,Yes,Excellent,Countryside,143210.04
1214,2,1,2,1962,Yes,Fair,Suburb,106755.96
3349,1,3,3,1959,Yes,Poor,Suburb,331923.45
1275,1,1,1,2015,Yes,Excellent,Suburb,132608.66
4526,3,2,2,2019,No,Poor,Suburb,502025.35
2747,3,3,2,2021,No,Poor,Countryside,319027.87
578,5,2,3,1974,No,Poor,City Center,88785.94
4426,1,1,1,1993,Yes,Excellent,Downtown,437545.72
1355,5,3,2,2009,Yes,Good,Suburb,196312.48
2648,4,2,3,1996,Yes,Poor,Suburb,346249.76
1531,5,2,2,1989,Yes,Poor,Countryside,214159.01
3771,2,2,1,1956,No,Good,Suburb,328126.36
4076,5,1,3,1995,Yes,Poor,City Center,469238.37
4682,3,3,2,1972,Yes,Fair,City Center,494298.69
3956,4,1,3,1995,Yes,Poor,Suburb,406844.64
4006,2,1,1,1962,Yes,Fair,Countryside,378798.54
907,5,1,3,1970,No,Good,Suburb,74326.94
3211,4,3,1,1950,Yes,Excellent,Suburb,269385.33
3588,4,1,2,1968,Yes,Good,Countryside,361090.74
2168,2,1,1,2009,Yes,Poor,City Center,228847.56
647,5,1,2,1982,Yes,Fair,Downtown,63523.08
4827,4,1,2,1953,Yes,Excellent,Suburb,476244.2
4397,4,2,1,1952,No,Poor,City Center,386800.05
2450,1,1,2,2001,Yes,Excellent,Suburb,250797.33
865,4,2,3,1977,Yes,Excellent,Downtown,98269.45
2174,1,1,2,2019,No,Poor,Countryside,246161.22
4994,5,3,1,2019,Yes,Good,City Center,547547.57
3046,5,2,3,2004,Yes,Poor,Downtown,402056.32
1062,5,2,3,2006,Yes,Poor,Suburb,192338.12
4062,3,2,2,1965,Yes,Good,Downtown,389294.71
2989,5,2,2,1973,No,Fair,City Center,344600.41
